% Model:              HG36,0_completo_setoresRadiado,r_F7_30mm_ext_EspFontesCruz01_Sgg_Ri_LargurafonteX1_IV1.mph
% Version:            COMS,OL 5.5.0.292,
% Date:               Dec,"14 2024, 09:44",
% Dimension:          2,,
% Nodes:              1108,,
% Expressions:        1,,
% Description:        Surf,ace,
% surf9x,surf9y,Color
859.99999999997,3766.66666666667,-0.156972412001849
805.963369897645,3786.09512777438,-0.116912523829497
751.92673979532,3805.52358888209,-0.0768526356571455
697.890109692994,3824.9520499898,-0.0367927474847938
859.999999999979,3844.44444444445,-0.111672529390941
805.963369897654,3863.87290555215,-0.0716126412185898
751.926739795328,3883.30136665986,-0.0315527530462381
859.999999999987,3922.22222222222,-0.066372646780034
805.963369897662,3941.65068332993,-0.0263127586076824
859.999999999996,4000,-0.0210727641691266
678.587484135504,3642.23411779801,0.0582342236167837
739.058322756993,3683.71163408757,-0.0135013215894271
799.529161378482,3725.18915037712,-0.0852368667956379
739.058322756993,3605.93385630979,-0.0755027568059306
799.529161378482,3647.41137259934,-0.147238302012141
859.99999999997,3688.88888888889,-0.218973847218352
799.529161378482,3569.63359482156,-0.209239737228645
859.99999999997,3611.11111111111,-0.280975282434856
859.99999999997,3533.33333333333,-0.342976717651359
691.455901173831,3764.04607259253,-0.00511709045093464
745.492531276156,3744.61761148483,-0.0451769786232863
685.021692654668,3703.14009519527,0.0265585665829245
689.915685876251,-41.364002537497,0.12042001802848
746.610457250824,-16.4648905805536,-0.0781874807955084
803.305228625397,8.43422137638987,-0.276794979619497
859.99999999997,33.3333333333333,-0.475402478443485
746.61045725083,-94.2426683583313,0.000634601707713083
803.305228625403,-69.3435564013879,-0.197972897116275
859.999999999976,-44.4444444444445,-0.396580395940263
803.30522862541,-147.121334179166,-0.119150814613054
859.999999999983,-122.222222222222,-0.317758313437042
859.999999999989,-200,-0.238936230933821
665.422851311035,-94.2426683583313,0.102171196403074
722.117622685614,-147.121334179166,-0.0176142199176923
778.812394060193,-200,-0.137399636238459
640.930016745818,-147.121334179166,0.0839223747776691
697.624788120397,-200,-0.0358630415430977
616.437182180601,-200,0.0656735531522637
622.416883344357,4000,0.0192415803588384
701.611255562903,4000,0.00580346551618335
780.805627781449,4000,-0.00763464932647165
647.574625460569,3941.65068332993,0.000563471077627631
726.768997679116,3941.65068332993,-0.0128746437650274
672.732367576782,3883.30136665986,-0.0181146382035831
793.543381335422,68.8407518025634,-0.291088547100995
727.086762670873,104.348170271793,-0.106774615758504
660.630144006325,139.855588741024,0.0775393155839861
859.99999999997,111.111111111111,-0.529906296838046
793.543381335422,146.618529580341,-0.345592365495556
727.086762670873,182.125948049571,-0.161278434153065
859.99999999997,188.888888888889,-0.584410115232607
793.543381335422,224.396307358119,-0.400096183890117
859.99999999997,266.666666666667,-0.638913933627168
680.153838586276,19.0425278886765,0.106126450546982
670.3919912963,79.4490583148501,0.091832883065484
736.848609960849,43.94163984562,-0.0924810482770063
859.99999999997,500,-0.558579598827385
859.99999999997,422.222222222222,-0.585357710427313
859.99999999997,344.444444444444,-0.612135822027241
784.470624275306,463.492748705343,-0.336488976485794
784.470624275306,385.714970927566,-0.363267088085721
784.470624275306,307.937193149788,-0.390045199685649
708.941248550641,426.985497410687,-0.114398354144202
708.941248550641,349.207719632909,-0.14117646574413
633.411872825977,390.47824611603,0.107692268197389
651.557386946209,223.396474532693,0.0875902997884538
642.484629886093,306.937360324361,0.0976412839929216
718.014005610757,265.66683384124,-0.151227449948598
626.639424946833,3813.98059379083,-0.0235945959052396
555.388740200672,3803.00913759186,-0.0103964443256853
484.13805545451,3792.0376813929,0.00280170725386892
601.481682830621,3872.3299104609,-0.00491648662402885
530.230998084459,3861.35845426193,0.0082816649555254
576.323940714408,3930.67922713097,0.0137616226571819
620.20521642767,3753.07461639357,0.00808106112861961
613.771007908506,3692.16863899631,0.0397567181624788
548.954531681508,3742.1031601946,0.0212792127081739
859.99999999997,2833.33333333333,-0.931866188350045
786.863877970255,2862.17687338316,-0.595144470698507
713.727755940539,2891.02041343299,-0.258422753046969
640.591633910824,2919.86395348282,0.0782989646045694
859.99999999997,2911.11111111111,-0.850839643988182
786.863877970255,2939.95465116094,-0.514117926336643
713.727755940539,2968.79819121077,-0.177396208685105
859.99999999997,2988.88888888889,-0.769813099626318
786.863877970255,3017.73242893872,-0.43309138197478
859.99999999997,3066.66666666667,-0.688786555264455
859.99999999997,2600,-0.741209204327253
786.747737811689,2638.10193872291,-0.404973261367825
713.495475623408,2676.20387744583,-0.0687373184083965
640.243213435128,2714.30581616874,0.267498624551032
859.99999999997,2677.77777777778,-0.80476153233485
786.747737811689,2715.87971650069,-0.468525589375422
713.495475623408,2753.98165522361,-0.132289646415994
859.99999999997,2755.55555555556,-0.868313860342448
786.747737811689,2793.65749427847,-0.532077917383019
640.475493752259,2851.34457437813,0.141365517920057
713.611615781974,2822.5010343283,-0.195356199731481
640.359353593693,2782.82519527343,0.204432071235544
859.99999999997,2366.66666666667,-0.997080217361702
788.579595876853,2399.37407471186,-0.331319695771723
717.159191753735,2432.08148275705,0.334440825818255
645.738787630618,2464.78889080224,1.00020134740823
859.99999999997,2444.44444444445,-0.911789879683552
788.579595876853,2477.15185248963,-0.246029358093574
717.159191753735,2509.85926053482,0.419731163496405
859.99999999997,2522.22222222222,-0.826499542005402
788.579595876853,2554.92963026741,-0.160739020415424
642.075071500291,2631.13350771324,0.511732865503432
715.327333688572,2593.03156899033,0.175496922544004
643.906929565454,2547.96119925774,0.755967106455833
859.99999999997,2133.33333333333,-1.42560491026191
783.532498934962,2169.38983106291,-0.553202434875855
707.064997869954,2205.44632879248,0.319200040510203
630.597496804946,2241.50282652206,1.19160251589626
859.99999999997,2211.11111111111,-1.28276334596184
783.532498934962,2247.16760884069,-0.410360870575785
707.064997869954,2283.22410657026,0.462041604810274
859.99999999997,2288.88888888889,-1.13992178166177
783.532498934962,2324.94538661846,-0.267519306275714
640.691690688727,2390.36020270884,1.06400173690424
712.112094811845,2357.65279466365,0.398241215314265
635.644593746837,2315.93151461545,1.12780212640025
859.99999999997,3300,-0.51559680421415
790.179887290134,3334.52374014413,-0.334237385088569
720.359774580297,3369.04748028826,-0.152877965962988
650.53966187046,3403.57122043239,0.0284814531625933
859.99999999997,3377.77777777778,-0.458056775359887
790.179887290134,3412.30151792191,-0.276697356234305
720.359774580297,3446.82525806604,-0.0953379371087242
859.99999999997,3455.55555555556,-0.400516746505623
790.179887290134,3490.07929569969,-0.219157327380042
669.238210047156,3562.67981867614,0.0483166334653869
729.709048668645,3526.37955718791,-0.0854203469573274
659.888935958808,3483.12551955427,0.0383990433139901
784.186666798126,3103.75595514246,-0.449017767463956
708.373333596282,3140.84524361825,-0.209248979663457
632.560000394438,3177.93453209403,0.0305198081370417
859.99999999997,3144.44444444445,-0.631056638247687
784.186666798126,3181.53373292023,-0.391287850447188
708.373333596282,3218.62302139602,-0.151519062646689
859.99999999997,3222.22222222222,-0.573326721230918
784.186666798126,3259.31151069801,-0.33355793343042
644.546441378453,3328.35899098627,0.0291609048207428
714.366554088289,3293.83525084214,-0.152198514304838
638.553220886445,3253.14676154015,0.0298403564788923
635.237211566567,3091.9110058903,0.0464461936262176
711.050544768411,3054.82171741451,-0.193322594174281
637.914422738695,3005.88747968656,0.0623725791153935
474.058770771345,3566.47042128436,0.0517663096311108
542.235008559398,3591.72498678891,0.0539222809596685
610.411246347451,3616.97955229346,0.0560782522882261
532.88573447105,3512.17068766704,0.0440046908082717
601.061972259103,3537.42525317159,0.0461606621368293
591.712698170755,3457.87095404972,0.0362430719854325
477.4185323324,3641.65950798721,0.0354447755053635
480.778293893455,3716.84859469005,0.0191232413796162
545.594770120453,3666.91407349176,0.0376007468339212
615.053826028935,-31.9179002223094,0.0739018814484189
590.560991463718,-84.7965660431437,0.0556530598230135
566.068156898502,-137.675231863978,0.0374042381976081
540.191966181619,-22.4717979071218,0.0273837448683579
515.699131616402,-75.3504637279562,0.00913492324295251
465.330106334303,-13.0256955919343,-0.0191343917117031
605.29197873896,28.4886302038641,0.0596083139669209
530.430118891644,37.9347325190517,0.01309017738686
595.530131448984,88.8951606300377,0.045314746485423
418.729418397118,-75.3504637279562,-0.0100692156061251
469.098443679217,-137.675231863978,0.0182000993485305
519.467468961317,-200,0.0464694143031861
372.128730459933,-137.675231863978,-0.00100403950054713
422.497755742032,-200,0.0272652754541085
325.528042522747,-200,0.00806113660503084
859.99999999997,733.333333333333,-0.510223785062336
859.99999999997,655.555555555555,-0.526342389650686
859.99999999997,577.777777777778,-0.542460994239036
785.650935238754,702.807991699567,-0.321271629222328
785.650935238754,625.030213921789,-0.337390233810678
785.650935238754,547.252436144011,-0.353508838399027
711.301870477537,672.2826500658,-0.13231947338232
711.301870477537,594.504872288022,-0.148438077970669
636.952805716321,641.757308432033,0.0566326824576885
634.592183789425,474.237933554698,0.0906724062841557
635.772494752873,557.997620993366,0.0736525443709221
710.121559514089,510.745184849355,-0.131418216057436
457.182175295643,531.951029206343,0.0548486921375706
517.105718769202,568.553122281574,0.0554433555776099
577.029262242761,605.155215356803,0.0560380190176492
515.925407805754,484.793434842906,0.0724632174908435
575.848951279313,521.395527918136,0.0730578809308828
574.668640315865,437.635840479468,0.0900777428441164
785.889911573188,771.107846778779,-0.347914061703591
711.779823146406,808.882360224224,-0.185604338344845
637.669734719623,846.65687366967,-0.0232946149860999
859.99999999997,811.111111111111,-0.568050217917448
785.889911573188,848.885624556556,-0.405740494558703
711.779823146406,886.660138002002,-0.243430771199957
859.99999999997,888.888888888889,-0.62587665077256
785.889911573188,926.663402334334,-0.463566927413815
859.99999999997,966.666666666667,-0.683703083627672
637.191782050755,710.057163511245,0.0299902499764257
637.430758385189,778.357018590458,0.00334781749516288
711.540846811972,740.582505145012,-0.158961905863583
789.163964874128,998.8186380882,-0.450902852798487
718.327929748287,1030.97060950973,-0.218102621969301
647.491894622445,1063.12258093127,0.0146976088598838
859.99999999997,1044.44444444444,-0.761782450035933
789.163964874128,1076.59641586598,-0.528982219206748
718.327929748287,1108.74838728751,-0.296181988377563
859.99999999997,1122.22222222222,-0.839861816444195
789.163964874128,1154.37419364376,-0.60706158561501
859.99999999997,1200,-0.917941182852456
644.217841321504,990.967345177401,0.00203353424455591
715.053876447346,958.815373755868,-0.230766696584629
640.943788020564,918.812109423535,-0.010630540370772
435.295050213774,3861.35845426193,0.00171296092015149
386.452044973037,3930.67922713097,0.000624214586434061
337.6090397323,4000,-0.00046453174728337
481.387992843722,3930.67922713097,0.00719291862180797
432.544987602986,4000,0.00610417228809054
527.480935473671,4000,0.0126728763234644
541.059956802342,351.646411597012,0.0699739122904615
550.132713862458,268.105525805343,0.0599229280859938
559.205470922575,184.564640013674,0.049871943881526
448.708040778708,312.814577077993,0.0322555563835337
457.780797838824,229.273691286324,0.0222045721790659
356.356124755074,273.982742558974,-0.00546279952339415
423.57349178212,445.961600323887,0.0347448615839157
482.316724292231,398.804005960449,0.0523593869371886
389.964808268597,359.972171441431,0.0146410310302608
429.005445807893,82.6437837917019,-0.0145771943156001
392.680785281483,178.313263175338,-0.0100199969194971
494.105458365234,133.604211902688,0.0176473747829629
445.609064000123,3036.42848211356,0.088623038658032
507.926042798228,3083.59716544039,0.0692552951510352
570.243021596333,3130.76584876721,0.0498875516440385
510.603253970357,2997.57363923665,0.0851816806402111
572.920232768462,3044.74232256347,0.0658139371332144
575.59744394059,2958.71879635973,0.0817403226223902
281.108633738724,3888.31462943009,0.00556537827714927
224.608227745147,3776.62925886017,0.0115952883015819
168.10782175157,3664.94388829026,0.0176251983260146
223.811550875546,4000,0.00251163635908184
167.31114488197,3888.31462943009,0.00854154638351449
110.810738888393,3776.62925886017,0.0145714564079471
110.014062018793,4000,0.00548780446544705
53.5136560252157,3888.31462943009,0.0115177144898797
-3.7834268379614,4000,0.00846397257181227
378.794644220197,3749.67308369202,0.00774287094458414
273.451232985883,3707.30848599114,0.0126840346352993
329.95163897946,3818.99385656105,0.0066541246108667
372.075121098087,3599.29491028633,0.0403859391960787
270.091471424828,3632.11939928829,0.0290055687610467
375.434882659142,3674.48399698917,0.0240644050703314
859.99999999997,1433.33333333333,-1.28356601399079
859.99999999997,1355.55555555556,-1.16169107027801
859.99999999997,1277.77777777778,-1.03981612656523
785.402027888233,1394.6619639784,-0.44561600421117
785.402027888233,1316.88418620062,-0.323741060498394
785.402027888233,1239.10640842284,-0.201866116785617
710.804055776496,1355.99059462346,0.392334005568446
710.804055776496,1278.21281684569,0.514208949281223
636.206083664759,1317.31922526853,1.23028401534806
714.565992762391,1193.4806020666,0.10901348045183
643.729957636549,1147.85479571035,0.419893077689277
639.968020650654,1232.58701048944,0.825088546518669
782.71134415905,1468.02863979824,-0.0995995261546031
705.422688318129,1502.72394626315,1.08436696168158
628.134032477209,1537.41925272806,2.26833344951776
859.99999999997,1511.11111111111,-1.17058364125266
782.71134415905,1545.80641757602,0.0133828465835225
705.422688318129,1580.50172404093,1.19734933441971
859.99999999997,1588.88888888889,-1.05760126851454
782.71134415905,1623.5841953538,0.126365219321648
859.99999999997,1666.66666666667,-0.94461889577641
633.515399935576,1390.68590108837,1.57630049340463
630.824716206392,1464.05257690821,1.9223169714612
708.113372047313,1429.35727044331,0.738350483625013
787.574012541955,1699.67087760723,0.016347302055121
715.14802508394,1732.67508854779,0.977313499886652
642.722037625925,1765.67929948836,1.93827969771818
859.99999999997,1744.44444444444,-1.16025906837114
787.574012541955,1777.44865538501,-0.199292870539609
715.14802508394,1810.45286632557,0.761673327291921
859.99999999997,1822.22222222222,-1.37589924096587
787.574012541955,1855.22643316278,-0.414933043134339
859.99999999997,1900,-1.5915394135606
637.85936924302,1689.59261723492,2.04829761498471
710.285356701035,1656.58840629436,1.08733141715318
632.996700860114,1613.50593498149,2.15831553225124
559.505855040501,2887.09995214786,0.307588080813489
559.389714881936,2818.58057304317,0.370654634128977
559.27357472337,2750.06119393848,0.433721187444464
478.420076170179,2854.33595081291,0.536877197022409
478.303936011613,2785.81657170821,0.599943750337896
397.334297299856,2821.57194947795,0.766166313231329
429.517475100034,2964.80963790169,0.314470796849131
494.511665070268,2925.95479502478,0.31102943883131
413.425886199945,2893.19079368982,0.54031855504023
475.278998310884,2590.41209008663,0.0919798942815947
530.267070018965,2631.70999878066,0.15048613770474
585.255141727046,2673.0079074747,0.208992381127886
532.098928084129,2548.53769032516,0.394720378657141
587.08699979221,2589.8355990192,0.453226622080287
588.918857857373,2506.6632905637,0.697460863032687
449.297431307208,2667.4653765504,0.316708700598173
423.315864303532,2744.51866301418,0.541437506914751
504.285503015289,2708.76328524444,0.375214944021318
784.67118701198,1938.58437006733,-1.12352167229557
709.342374023989,1977.16874013466,-0.655503931030548
634.013561035998,2015.75311020199,-0.187486189765522
859.99999999997,1977.77777777778,-1.53622791246104
784.671187011979,2016.36214784511,-1.06821017119601
709.342374023989,2054.94651791244,-0.600192429930986
859.99999999997,2055.55555555556,-1.48091641136148
784.671187011979,2094.13992562289,-1.01289867009645
631.736184881963,2166.25292108204,0.731906280675667
708.203685946972,2130.19642335246,-0.140496194710391
632.874872958981,2091.00301564201,0.272210045455073
636.916386565974,1932.39517329744,0.521102439395713
712.245199553964,1893.81080323011,0.0530846981306869
639.81921209595,1849.0372363929,1.22969106855695
472.021693926967,1887.05047534606,-2.24901616826235
526.018982963311,1929.95135363137,-1.56183950876341
580.016271999655,1972.85223191668,-0.874662849264466
528.921808493287,1846.59341672682,-0.853250879602175
582.91909752963,1889.49429501213,-0.166074220103231
585.821923059606,1806.13635810759,0.542514409058003
550.837515465021,2047.51131866141,-2.35637822666832
467.661469894043,2079.26952712083,-4.52527026357112
384.485424323065,2111.02773558025,-6.69416230047392
549.698827388003,2122.76122410143,-1.89668199144773
466.522781817025,2154.51943256085,-4.06557402835053
548.560139310986,2198.01112954146,-1.43698575622713
442.842937392333,1961.70956209079,-3.73073154566621
413.664180857699,2036.36864883552,-5.21244692307007
496.840226428677,2004.6104403761,-3.04355488616727
551.890860121758,2278.82050031252,0.298448739073712
473.18422343857,2316.13817410298,-0.594705037748838
394.477586755382,2353.45584789344,-1.48785881457139
556.937957063649,2353.24918840591,0.234648349577703
478.231320380461,2390.56686219637,-0.658505427244847
561.985054005539,2427.6778764993,0.170847960081693
448.34519445905,2511.42667602223,-0.434633008669399
505.165124232295,2469.55227626077,-0.131892524293853
421.411390607216,2432.44126195784,-0.961245911620394
391.14686594461,2272.64647712238,-3.22329330987223
469.853502627798,2235.32880333192,-2.33013953304968
387.816145133837,2191.83710635132,-4.95872780517308
545.841626031686,3374.41239329544,-0.00787396807978827
539.848405539679,3299.20016384933,-0.00719451642163879
533.855185047671,3223.98793440321,-0.00651506476348931
441.143590192912,3345.2535661585,-0.0442293893221698
435.150369700904,3270.04133671238,-0.0435499376640204
336.445554354138,3316.09473902155,-0.0805848105645514
428.187698632276,3483.01186053009,0.00764926956589009
487.014662331981,3428.71212691277,-0.000112349256949089
382.316626493207,3399.55329977582,-0.0364677704993307
326.204048959018,3515.83634953206,-0.003731100869142
280.332976819948,3432.37778877778,-0.0478481409343627
224.220399285759,3548.66083853402,-0.0151114713041741
409.221227451461,3129.65056774956,0.0322204222505042
372.833390902799,3222.87265338555,-0.0241821941570236
471.538206249566,3176.81925107638,0.0128526787435074
272.114824498566,-122.744271338006,0.0015177322486994
218.701606474385,-45.4885426760117,-0.00502567210763205
165.288388450204,31.7671859859825,-0.0115690764639635
318.715512435751,-60.4195032019839,-0.00754744385687858
265.30229441157,16.8362254600102,-0.01409084821321
365.316200372936,1.90526493403799,-0.0166126199624565
328.991539846527,97.5747443176742,-0.0120554225663536
228.97763388516,112.505704843646,-0.00953365081710705
292.666879320117,193.24422370131,-0.0074982251702506
110.259781999092,-45.4885426760117,0.00170259470374208
163.673000023274,-122.744271338006,0.00824599906007352
217.086218047455,-200,0.014789403416405
55.2311755479809,-122.744271338006,0.0149742658714477
108.644393572162,-200,0.0215176702277791
0.202569096869471,-200,0.0282459370391532
562.22187639975,672.941466174466,0.0336011159795738
487.49094708318,704.125623916898,0.0105695495014592
412.760017766609,735.309781659331,-0.0124620169766555
562.460852734184,741.241321253678,0.00695868349831104
487.729923417614,772.42547899611,-0.0160728829798036
562.699829068618,809.54117633289,-0.0196837489829518
442.374789452631,599.737280024006,0.0324117890994952
427.56740360962,667.523530841668,0.00997488606141989
502.298332926191,636.339373099236,0.0330064525395345
372.245833111841,540.590348927502,0.0610797804529613
287.30949092804,549.229668648662,0.067310868768352
202.373148744239,557.86898836982,0.0735419570837427
357.43844726883,608.376599745165,0.0386428774148859
272.502105085029,617.015919466324,0.0448739657302766
342.631061425819,676.162850562827,0.0162059743768106
338.637149598318,454.600920045046,0.0409759498993064
305.028466084795,368.61149116259,0.0208721193456515
253.700807414517,463.240239766205,0.0472070382146971
469.580434822324,1187.66802853024,1.12853623925969
525.122317769803,1230.88509410967,1.16245216462248
580.664200717281,1274.1021596891,1.19636808998527
528.884254755698,1146.15287933059,0.757256695793086
584.426137703176,1189.36994491001,0.791172621155877
588.188074689071,1104.63773013093,0.385977152326485
558.691225069814,885.35576939126,0.0244919148916568
479.712715420005,924.05466511285,0.0722784447694135
400.734205770196,962.753560834441,0.12006497464717
561.965278370755,957.511005145126,0.0371559895069847
482.986768720946,996.209900866716,0.0849425193847414
565.239331671695,1029.66624089899,0.0498200641223126
446.631691804948,1112.69653929831,0.792379151055514
505.935511738322,1071.18139009865,0.421099607588914
423.682948787572,1037.72505006638,0.456222062851342
408.751413767805,811.124374717701,0.0317136468979531
404.742809769001,886.938967776071,0.0758893107725616
483.721319418809,848.24007205448,0.0281027808948049
-175.366632165915,3724.30704412489,0.00304090251094861
-229.634969039289,3816.20469608326,0.00605013674703468
-283.903305912663,3908.10234804163,0.00905937098312075
-338.171642786038,4000,0.0120686052192068
-118.17223038993,3816.20469608326,0.00484859253123649
-172.440567263305,3908.10234804163,0.00785782676732256
-226.708904136679,4000,0.0108670610034086
-60.9778286139458,3908.10234804163,0.00665628255152438
-115.24616548732,4000,0.00966551678761045
-60.8751475267531,3704.51932551335,0.00790233444930392
-3.68074575076873,3796.41697747172,0.00971002446959181
53.6163371124083,3684.7316069018,0.0127637663876592
99.6399375835452,128.529269250587,-0.00759534821062992
33.9914867168866,225.291352515192,-0.00362161995729633
-31.656964149772,322.053435779797,0.000352108296037247
163.329183018502,209.267788108251,-0.00555992256377347
97.6807321518432,306.029871372856,-0.00158619431043989
227.018428453458,290.006306965915,-0.00352449691691702
124.363111112902,479.263804173146,0.0491453408211742
175.69076978318,384.635055569531,0.0228104219521286
46.3530734815649,400.658619976472,0.0247487245586057
-56.5910214061234,-125.110676997304,0.00824786569803793
-113.384611909116,-50.2213539946076,-0.0117502056430774
-170.178202412109,24.6679690080887,-0.0317482769841927
-1.56241495501199,-47.8549483353096,-0.00502380546966765
-58.3560054580049,27.0343746673866,-0.025021876810783
53.4661914960995,29.4007803266845,-0.0182954766373732
-124.004456324664,123.796457931991,-0.0210481485574494
-77.8307102372178,222.924946855894,-0.0103480201307061
-12.1822593705592,126.162863591289,-0.0143217483840396
-243.750625972816,93.1242483050324,-0.00902713665920147
-317.323049533523,161.580527601976,0.0136940036657897
-390.89547309423,230.03680689892,0.036415143990781
-197.57687988537,192.252737228935,0.00167299176754184
-271.149303446077,260.709016525879,0.0243941320925331
-151.403133797925,291.381226152838,0.0123731201942852
-355.801670061873,499.874996943868,-0.00737704995588255
-247.753434757839,440.601143222511,-0.00480066387190928
-139.705199453806,381.327289501154,-0.00222427778793602
-367.499604405992,409.928933595552,0.00722034802633862
-259.451369101958,350.655079874195,0.00979673411031189
-379.197538750111,319.982870247236,0.0218177460085598
-417.618714948699,150.464539292905,0.0263751978661814
-344.046291387992,82.0082599959616,0.00365405754119018
-270.473867827285,13.5519806990178,-0.019067082783801
-444.341956803167,70.8922716868907,0.0163352517415818
-370.76953324246,2.43599238994695,-0.0063858885834094
-471.065198657636,-8.67999591912393,0.00629530561698224
-221.462629447875,-50.2213539946075,-0.0256870935251508
-164.669038944882,-125.110676997304,-0.00568902218403547
-107.875448441889,-200,0.0143090491570798
-272.747056483641,-125.110676997304,-0.0196259100661089
-215.953465980648,-200,0.000372161275006444
-324.031483519406,-200,-0.0135647266070669
-373.042721898816,-136.226665306375,-0.00694471586571722
-422.053960278226,-72.4533306127493,-0.000324705124367486
-321.75829486305,-61.3373423036784,-0.0130058993247591
-519.443732194054,-72.4533306127493,0.0141396802669594
-470.432493814644,-136.226665306375,0.00751966952560971
-421.421255435235,-200,0.000899658784259981
-567.822265730473,-136.226665306375,0.0219840549169366
-518.811027351063,-200,0.0153640441755869
-616.200799266891,-200,0.0298284295669138
-535.952198837123,43.1161163346687,0.00427078517331189
-600.839199016611,94.9122285884613,0.00224626472964154
-665.726199196099,146.708340842254,0.000221744285971181
-509.228956982655,122.688383940683,0.0143107312979115
-574.115957162143,174.484496194476,0.0122862108542411
-482.505715128186,202.260651546698,0.024350677422511
-621.127759603049,378.250262838822,0.00432183778123975
-544.383664100109,328.845777525521,0.0150196065177535
-467.63956859717,279.441292212221,0.0257173752542672
-635.993906134066,301.069622173299,0.00295513994948356
-559.249810631126,251.665136859999,0.0136529086859973
-650.860052665082,223.888981507777,0.00158844211772737
-455.941634253051,369.387355560537,0.0111199772720461
-532.68572975599,418.791840873837,0.000422208535532318
-444.243699908932,459.333418908853,-0.00347742071017511
-483.088991887636,3812.35707676138,0.0133901481636143
-529.416694206583,3874.90471784092,0.000995050844386086
-575.744396525531,3937.45235892046,-0.0114000464748421
-622.072098844478,4000,-0.0237951437940704
-434.78320885377,3874.90471784092,0.0129496338488118
-481.110911172717,3937.45235892046,0.00055453652958359
-527.438613491665,4000,-0.0118405607896446
-386.477425819904,3937.45235892046,0.0125091195340093
-432.805128138851,4000,0.000114022214781094
-380.514871980395,3783.00706588255,0.00994039961272574
-332.209088946529,3845.55470696209,0.00949988529792324
-277.940752073155,3753.65705500372,0.00649065106183717
-692.863064329858,3837.59970277922,0.00409504365486535
-669.266075834732,3891.73313518615,-0.00520168549477989
-645.669087339605,3945.86656759307,-0.0144984146444251
-622.938373515784,3829.18549410661,0.00719341182444833
-599.341385020657,3883.31892651353,-0.0021033173251969
-553.01368270171,3820.77128543399,0.0102917799940313
-682.686550014999,3771.74670253735,0.000230738773463986
-612.761859200925,3763.33249386473,0.00332910694304697
-542.837168386851,3754.91828519212,0.00642747511262996
-672.51003570014,3705.89370229547,-0.00363356610793737
-602.585344886065,3697.47949362286,-0.000535197938354388
-662.33352138528,3640.0407020536,-0.00749787098933873
-748.575376219896,3891.73313518615,-0.0322902032408573
-804.287688109933,3945.86656759307,-0.06867545013658
-859.999999999971,4000,-0.105060697032303
-724.978387724769,3945.86656759307,-0.0415869323905026
-780.690699614806,4000,-0.0779721792862252
-701.381399229642,4000,-0.0508836615401478
-384.787333408184,3522.54801735183,0.0203814636153236
-417.554552901335,3619.15103715501,0.0180510251314205
-450.321772394485,3715.7540569582,0.0157205866475174
-314.980432994094,3589.80102627618,0.0146012765805319
-347.747652487245,3686.40404607937,0.0122708380966288
-245.173532580004,3657.05403520054,0.00882108954574025
-569.818125392915,3600.87647381968,0.00179524054554869
-510.0699488937,3658.31526538894,0.00875791359653304
-477.302729400549,3561.71224558575,0.0110883520804361
-140.930966559838,3603.11920285887,-0.04797981107789
-26.4394819206768,3583.33148424733,-0.0431183791395347
88.0520027184846,3563.54376563578,-0.0382569472011794
-106.495300953762,3481.93136159285,-0.0990005246667286
7.99618368539946,3462.14364298131,-0.0941390927283733
-72.0596353476857,3360.74352032683,-0.150021238255567
-280.544767388018,3468.61318501016,-0.0364194370083067
-210.737866973928,3535.86619393452,-0.0421996240430984
-176.302201367852,3414.6783526685,-0.093220337631937
144.164580252674,3447.26071587955,-0.070993616831368
200.277157786863,3330.97766612331,-0.103730286461557
64.1087612195887,3345.86059322507,-0.126875762358562
-394.002504686131,3256.56366267088,0.0287981685707201
-390.930780926815,3345.22511423119,0.0259926002522546
-387.8590571675,3433.88656579151,0.0231870319337891
-286.688214906649,3291.29028188953,-0.0308083003713757
-283.616491147334,3379.95173344985,-0.0336138686898412
-179.373925127167,3326.01690110818,-0.0904147693134715
269.005546413388,3207.10277780057,0.174173545881964
201.565538472639,3098.11081657959,0.42893190232848
134.125530531889,2989.11885535862,0.683690258774996
132.837149846114,3221.98570490233,0.151028069984959
65.3971419053643,3112.99374368136,0.405786426431475
-3.33124672116072,3236.86863200409,0.127882594087954
341.781219510712,3020.65860652858,0.28697877869702
237.953375021301,3004.8887309436,0.485334518736008
305.39338296205,3113.88069216458,0.230576162289492
309.598041710534,2877.42091810484,0.738674295079218
221.861786121212,2933.26988673173,0.711182276927107
325.689630610623,2949.03976231671,0.512826536888119
-466.269460097987,3054.60043229946,-0.0417717941433075
-442.180474960702,3121.92150908993,-0.0182484732386317
-418.091489823416,3189.2425858804,0.00527484766604423
-386.702060685582,3050.69014825281,-0.03987918906692
-362.613075548296,3118.01122504329,-0.0163558681622441
-338.524090411011,3185.33230183376,0.00716745274243181
-307.134661273176,3046.77986420617,-0.0379865839905324
-283.045676135891,3114.10094099664,-0.0144632630858565
-227.567261860771,3042.86958015952,-0.0360939789141448
-231.209800631529,3220.05892105241,-0.052439016199664
-123.895510852047,3254.78554027106,-0.11204548514176
-175.731386356409,3148.82756021529,-0.0740697320279523
-107.002997729884,3024.95267189255,0.203834100315569
-55.1671222255225,3130.91065194832,0.165858347201761
13.5612664010025,3007.03576362559,0.443762179545282
553.35958035541,1345.38593432953,-0.902485773726346
470.513077046061,1373.45264339053,-3.03525556280075
387.666573736712,1401.51935245153,-5.16802535187516
550.668896626226,1418.75261014937,-0.556469295669779
467.822393316877,1446.81931921037,-2.68923908474419
547.978212897043,1492.11928596921,-0.210452817613211
442.275814460454,1258.95180317067,-0.97031762445193
414.971194098583,1330.2355778111,-3.06917148816355
497.817697407932,1302.1688687501,-0.936401699089138
550.808913577879,1578.46176883162,-3.26452448251352
473.48379467855,1619.50428493518,-8.7973824145448
396.158675779221,1660.54680103874,-14.3302403465761
555.671581960785,1654.54845108505,-3.37454239978004
478.346463061456,1695.59096718861,-8.90740033181132
560.534250343691,1730.63513333848,-3.48456031704657
446.734021211052,1811.54925057695,-6.27609089436693
503.634135777371,1771.09219195772,-4.88032560570675
421.446348495136,1736.04802580785,-10.3031656204715
393.327975098384,1574.20431817634,-11.2761686816758
470.653093997714,1533.16180207278,-5.74331074964449
390.497274417548,1487.86183531393,-8.22209701677547
371.07990834445,1885.29469912953,17.7814871177409
270.138122761932,1883.53892291301,37.8119904037441
169.196337179415,1881.78314669649,57.8424936897473
341.901151809816,1959.95378587427,16.299771740337
240.959366227298,1958.19800965774,36.3302750263402
312.722395275182,2034.612872619,14.8180563629332
345.792235628534,1809.79347436043,13.7544123916363
320.504562912619,1734.29224959133,9.72733766553172
244.850450046017,1808.03769814391,33.7849156776395
366.867895716821,2589.67226941113,-1.68794594968755
258.456793122758,2588.93244873564,-3.4678717936567
150.045690528695,2588.19262806015,-5.24779763762585
340.886328713145,2666.72555587491,-1.46321714337097
232.475226119082,2665.98573519941,-3.24314298734012
314.904761709469,2743.77884233868,-1.2384883370544
339.934091864987,2510.68685534674,-2.21455885263855
313.000288013153,2431.70144128234,-2.74117175558954
231.522989270924,2509.94703467125,-3.99448469660769
227.168506120147,2799.62781096557,-1.26598035520651
144.73897052976,2721.8347038263,-3.27063500549223
139.432250530824,2855.47677959246,-1.29347237335862
297.938441899292,2147.72353717082,-0.267668655336618
211.391459475519,2184.41933876138,6.15882498980069
124.844477051746,2221.11514035195,12.585318634938
301.269162710064,2228.53290794188,1.46776583996423
214.722180286291,2265.22870953245,7.89425948510153
304.599883520837,2309.34227871295,3.20320033526507
223.122584778608,2387.58787210185,1.94988739424692
133.244881544062,2343.47430292135,6.64094654408338
141.645286036379,2465.83346549075,0.696574453228766
226.175412851409,2071.30867420956,21.2445500080705
154.412383803525,1994.89381124831,42.7567686714776
139.628430427636,2108.00447580013,27.6710436532078
-124.227292705659,2032.22023474253,41.2625636126603
-41.2033694531909,2095.18520327901,31.7034819534196
41.8205537992775,2158.15017181548,22.1444002941788
-26.4194160773013,1982.07453872719,46.7892069716893
56.6045071751671,2045.03950726366,37.2301253124486
71.3884605510568,1931.92884271184,52.3158503307183
23.9339594942597,2272.81002268308,7.17334975451538
-59.0899637582088,2209.84505414661,16.7324314137562
-142.113887010677,2146.88008561014,26.2915130729969
-76.9765580632266,2324.50490501421,1.76138087409276
-160.000481315695,2261.53993647774,11.3204625333335
-177.887075620713,2376.19978734534,-3.65058800632986
32.334363986576,2395.16918525248,1.22897766366076
-68.5761535709102,2446.86406758361,-4.18299121676186
40.7347684788924,2517.52834782188,-4.71539442719385
-198.006452244691,2935.08288071353,0.0733221350060303
-77.4421881138043,2917.16597244656,0.313250214235744
43.1220760170824,2899.2490641796,0.553178293465457
-168.445642628611,2827.29618126754,0.182738248926205
-47.8813784977245,2809.37927300057,0.422666328155919
-138.884833012531,2719.50948182155,0.292154362846381
-42.5746584987892,2675.73719723442,-1.5544963039777
53.7355160149529,2631.96491264728,-3.40114697080177
-151.885580548592,2605.07291699615,-1.0220930935457
-55.5754060348497,2561.30063240901,-2.86874376036978
-164.886328084652,2490.63635217075,-2.33634054993778
48.4287960160177,2765.60698841344,-1.42398433866816
-392.640565333234,2586.33697071682,0.0545815054831593
-308.055321226333,2630.72780775173,0.133772457937566
-223.470077119432,2675.11864478664,0.212963410391973
-321.056068762394,2516.29124292633,-1.18047499845451
-236.470824655493,2560.68207996124,-1.10128404600011
-249.471572191553,2446.24551513584,-2.41553150239219
317.231571889945,921.659069214149,0.0689839252400576
321.240175888749,845.844476155779,0.024808261365449
325.248779887553,770.029883097409,-0.0193674025091595
233.728938009694,880.564577593857,0.0179028758329449
237.737542008498,804.749984535487,-0.0262727880416636
150.226304129443,839.470085973566,-0.0331781735741677
255.119823546763,710.882952000906,0.0093005888443065
184.990867205973,651.736020904402,0.0379685801977726
167.608585667708,745.603053438984,0.00239520331180241
-366.066329567569,734.946862889729,-0.190972328689975
-274.503790618537,705.157944191915,-0.177244496758646
-182.941251669504,675.3690254941,-0.163516664827317
-91.3787127204722,645.580106796286,-0.149788832895988
-362.644776399004,656.589574241109,-0.129773902445278
-271.082237449971,626.800655543294,-0.116046070513949
-179.519698500939,597.01173684548,-0.10231823858262
-359.223223230438,578.232285592489,-0.0685754762005802
-267.660684281406,548.443366894674,-0.0548476442692512
-71.4714631969055,537.737883124123,-0.0997418524986466
-51.5642136733387,429.89565945196,-0.0496948721013047
-159.612448977372,489.169513173317,-0.0522712581852779
104.455861589335,587.106027845309,-0.000901639576167703
6.53857443443149,616.343067320797,-0.0753452362360781
87.0735800510697,680.973060379891,-0.0364750164621378
-10.8437071038339,710.210099855379,-0.110918613122048
69.6912985128043,774.840092914472,-0.072048393348108
26.4458239579982,508.500843648634,-0.0252982558387362
-621.533699074368,604.677865313153,0.0334040022437326
-532.956356070203,569.743575856725,0.0198103181771942
-444.379013066038,534.809286400297,0.00621663411065582
-621.398385917261,529.201997821709,0.0237099474229016
-532.821042913096,494.267708365281,0.0101162633563633
-621.263072760155,453.726130330265,0.0140158926020707
-447.800566234603,613.166575048917,-0.0549817921340418
-536.377909238768,648.100864505345,-0.0413881080675034
-451.222119403168,691.523863697537,-0.116180218378739
-634.838341070066,826.357006732007,-0.00975109446589468
-545.247670569234,795.886958784581,-0.0701581725405883
-455.657000068401,765.416910837155,-0.130565250615282
-630.403460404833,752.463959592389,0.00463393777064774
-540.812789904001,721.993911644963,-0.0557731403040458
-625.9685797396,678.570912452771,0.0190189700071902
374.442299660506,1184.5136690494,0.286295403866035
279.304164498688,1181.35930956856,-0.555945431527616
184.166029336869,1178.20495008771,-1.39818626692127
347.137679298635,1255.79744368983,-1.81255845984558
251.999544136817,1252.64308420898,-2.65479929523923
319.833058936764,1327.08121833026,-3.9114123235572
351.49355664313,1109.54217981747,-0.0498616843381369
328.544813625754,1034.57069058553,-0.386018772542309
256.355421481312,1106.38782033662,-0.892102519731788
245.042179745503,993.476198965239,-0.437099821949422
161.539545865251,952.381707344948,-0.488180871356534
172.85278760106,1065.29332871633,-0.943183569138901
-748.575376219896,3813.95535740837,-0.00248016088173234
-804.287688109933,3790.31101203752,-0.00905536541833002
-859.999999999971,3766.66666666667,-0.0156305699549277
-804.287688109933,3868.0887898153,-0.038865407777455
-859.999999999971,3844.44444444444,-0.0454406123140527
-859.999999999971,3922.22222222222,-0.0752506546731777
-738.398861905036,3748.1023571665,-0.0063444657631337
-728.222347590177,3682.24935692462,-0.0102087706445351
-794.111173795074,3724.45801179564,-0.0129196702997314
-523.31874146443,3097.272930626,-0.0291822049270852
-580.368022830873,3139.94542895254,-0.0165926157108628
-637.417304197316,3182.61792727908,-0.00400302649464045
-499.229756327145,3164.59400741647,-0.00565888402240929
-556.279037693588,3207.26650574301,0.00693070519381307
-475.140771189859,3231.91508420694,0.0178644368822666
-632.679769734734,3252.67138756999,-0.00866247557373937
-627.942235272151,3322.7248478609,-0.0133219246528383
-623.204700809569,3392.77830815181,-0.0179813737319372
-551.541503231005,3277.31996603392,0.00227125611471415
-546.803968768423,3347.37342632483,-0.00238819296438477
-470.403236727277,3301.96854449785,0.0132049878031677
-636.247641001473,3475.19910611907,-0.0144868728177377
-649.290581193377,3557.61990408634,-0.0109923719035382
-543.732245009107,3436.03487788515,-0.00519376128285029
-556.775185201011,3518.45567585241,-0.0016992603686508
-464.259789208646,3479.29144761849,0.00759385116623663
-467.331512967961,3390.62999605817,0.0103994194847022
-859.999999999971,3533.33333333333,-0.0431161195095469
-859.999999999971,3611.11111111111,-0.0339542696580072
-859.999999999971,3688.88888888889,-0.0247924198064674
-794.111173795074,3568.90245624009,-0.0312433700028108
-794.111173795074,3646.68023401787,-0.0220815201512711
-728.222347590177,3604.47157914684,-0.0193706204960748
-715.179407398273,3522.05078117958,-0.0228651214102743
-702.13646720637,3439.62998321232,-0.0263596223244738
-781.06823360317,3486.48165827283,-0.0347378709170103
-859.999999999971,3300,-0.00249783842438855
-859.999999999971,3377.77777777778,-0.0160372654527747
-859.999999999971,3455.55555555556,-0.0295766924811608
-781.06823360317,3330.92610271727,-0.0076590168602381
-781.06823360317,3408.70388049505,-0.0211984438886242
-702.13646720637,3361.85220543454,-0.0128201952960877
-711.611536131534,3221.74528485272,-0.00350129713788981
-785.805768065752,3260.87264242636,-0.00299956778113918
-706.874001668952,3291.79874514363,-0.00816074621698873
-696.877270987142,-40.9204660183704,0.00804909610861564
-621.60658021064,-30.1736426519549,0.00746449927807118
-546.335889434138,-19.4268192855394,0.00687990244752671
-669.985113747058,-93.9469773455803,0.0153088739280484
-594.714422970556,-83.2001539791648,0.0147242770975039
-643.092956506975,-146.97348867279,0.0225686517474811
-686.493580390128,21.6224696018377,0.00543997883440082
-676.109889793113,84.1654052220458,0.002830861560186
-611.222889613626,32.3692929682532,0.00485538200385636
-751.251513991418,-93.9469773455803,-0.00897460933248576
-724.359356751335,-146.97348867279,-0.00171483151305303
-697.467199511251,-200,0.0055449463063797
-805.625756995694,-146.97348867279,-0.0259983147735872
-778.733599755611,-200,-0.0187385369541544
-859.999999999971,-200,-0.0430220202146886
-751.251513991418,-16.1691995678025,-0.0115975839329949
-805.625756995694,-69.1957108950124,-0.0286212893740963
-859.999999999971,-122.222222222222,-0.0456449948151977
-805.625756995694,8.58206688276538,-0.0312442639746054
-859.999999999971,-44.4444444444445,-0.0482679694157068
-859.999999999971,33.3333333333333,-0.050890944016216
-740.867823394404,46.3737360524056,-0.0142067012072097
-795.24206639868,71.1250025029735,-0.0338533812488203
-730.48413279739,108.916671672614,-0.0168158184814245
-730.48413279739,186.694449450391,-0.0166103688889701
-795.24206639868,148.902780280751,-0.0336479316563658
-859.999999999971,111.111111111111,-0.0506854944237615
-795.24206639868,226.680558058529,-0.0334424820639114
-859.999999999971,188.888888888889,-0.0504800448313071
-859.999999999971,266.666666666667,-0.0502745952388527
-715.617986266373,263.875090115914,-0.0152436710572139
-780.375919867663,303.861198724052,-0.0320757842321552
-700.751839735356,341.055730781437,-0.0138769732254577
-859.999999999971,344.444444444444,-0.0431055306791678
-859.999999999971,422.222222222222,-0.0359364661194829
-859.999999999971,500,-0.028767401559798
-780.375919867663,381.638976501829,-0.0249067196724703
-780.375919867663,459.416754279607,-0.0177376551127854
-700.751839735356,418.833508559214,-0.00670790866577284
-701.022466049569,569.785243542102,0.012680200975889
-700.887152892462,494.309376050658,0.0029861461550581
-780.51123302477,534.892621771051,-0.0080436002919545
-405.340488201674,2824.45749023301,0.316589050314492
-316.52193647196,2789.47482076252,0.308444154491788
-227.703384742246,2754.49215129204,0.300299258669084
-401.107180578861,2745.08398372761,0.229253202037381
-312.288628849146,2710.10131425713,0.221108306214677
-396.873872956047,2665.71047722222,0.14191735376027
-445.959802799216,2977.88611827731,0.0776818206759589
-366.392403386811,2973.97583423066,0.0795744257523464
-286.825003974405,2970.06555018401,0.081467030828734
-425.650145500445,2901.17180425516,0.197135435495225
-346.08274608804,2897.26152020851,0.199028040571613
-257.264194358325,2862.27885073803,0.190883144748909
-524.946969366171,3014.47933335403,-0.0391668350956265
-583.624478634354,2974.35823440861,-0.0365618760479454
-642.301987902538,2934.23713546318,-0.0339569170002643
-581.996250732614,3057.15183168057,-0.0265772458794041
-640.673760000797,3017.03073273515,-0.023972286831723
-639.045532099057,3099.82433000711,-0.0139876566631817
-504.6373120674,2937.76501933188,0.0802867797236399
-484.327654768629,2861.05070530973,0.199740394542906
-563.314821335583,2897.64392038645,0.082891738771321
-376.139695107756,2134.94561709905,-3.61908719838464
-310.055488612075,2215.36367384781,-3.62958746769972
-243.971282116394,2295.78173059658,-3.64008773701479
-292.168894307057,2100.70382298021,11.3414630719637
-226.084687811376,2181.12187972898,11.3309628026486
-208.198093506358,2066.46202886137,26.302013342312
-458.804750601187,2366.22608919888,-0.26364971337869
-365.165525607696,2369.5506552477,-1.39262914436241
-271.526300614204,2372.87522129652,-2.52160857534614
-431.249732103376,2289.13259849893,-1.38212887504734
-337.610507109885,2292.45716454776,-2.51110830603107
-403.694713605566,2212.03910779899,-2.50060803671599
-436.750022178536,2439.59638303819,-0.15757264042474
-414.695293755885,2512.96667687751,-0.0514955674707905
-343.110797185045,2442.92094908701,-1.28655207140846
-627.780407832625,2702.90432034959,-0.0232092674794867
-632.620934522596,2780.01525872079,-0.0267918173197459
-637.461461212567,2857.12619709198,-0.0303743671600051
-553.633767955641,2743.42204364406,0.0900568384518394
-558.474294645612,2820.53298201526,0.0864742886115802
-479.487128078658,2783.93976693853,0.203322944383166
-475.253820455844,2704.56626043314,0.115987096106055
-471.020512833031,2625.19275392774,0.028651247828944
-549.400460332828,2664.04853713867,0.00272099017472866
-634.111948088471,2488.90891634475,-0.0330252059484581
-632.001434669856,2560.2407176797,-0.029753226458801
-629.89092125124,2631.57251901464,-0.0264812469691438
-553.621487170059,2521.38493446877,-0.00382296880458564
-551.510973751443,2592.71673580372,-0.000550989314928493
-473.131026251646,2553.8609525928,0.0253792683392869
-517.240483096948,2407.12036491417,-0.186774877568613
-575.67621559271,2448.01464062946,-0.109900041758535
-495.185754674297,2480.49065875348,-0.080697804614663
-640.285516124468,2227.16820685164,0.893797990667206
-552.236909118897,2196.42734360078,-0.610497072350077
-464.188302113326,2165.68648034991,-2.11479213536736
-636.009474060547,2152.27170086602,0.67907662820507
-547.960867054976,2121.53083761516,-0.825218434812214
-459.912260049405,2090.78997436429,-2.3295134978295
-631.733431996625,2077.3751948804,0.464355265742932
-543.684824991054,2046.63433162954,-1.03993979727435
-627.457389932704,2002.47868889478,0.249633903280795
-519.298339108947,2319.8734617498,0.122166187969942
-579.791927616707,2273.52083430072,0.507982089318574
-577.734071604708,2360.76773746509,0.199041023780019
-638.227660112469,2314.41511001601,0.584856925128652
-636.16980410047,2401.66201318038,0.275915859590097
-491.743320611137,2242.77997104986,-0.996312973698709
-709.407965392304,2525.93927756317,-0.0180628609563893
-784.703982696137,2562.96963878158,-0.00310051596432052
-859.999999999971,2600,0.0118618290277483
-707.297451973689,2597.27107889811,-0.0147908814667322
-782.593469277522,2634.30144011653,0.000171463525336632
-705.186938555073,2668.60288023306,-0.011518901977075
-859.999999999971,2677.77777777778,0.0196691144816134
-859.999999999971,2755.55555555556,0.0274763999354785
-859.999999999971,2833.33333333333,0.0352836853893437
-782.593469277522,2712.07921789431,0.00797874897920176
-782.593469277522,2789.85699567209,0.0157860344330669
-705.186938555073,2746.38065801084,-0.0037116165232099
-714.867991935016,2900.60253475323,-0.0108767162037283
-710.027465245045,2823.49159638203,-0.00729416636346912
-787.433995967493,2866.96793404328,0.0122034845928077
-859.999999999971,577.777777777778,-0.0199522023612904
-859.999999999971,655.555555555555,-0.0111370031627827
-859.999999999971,733.333333333333,-0.00232180396427505
-780.51123302477,612.670399548829,0.000771598906553157
-780.51123302477,690.448177326606,0.00958679810506082
-701.022466049569,647.56302131988,0.0214954001743967
-709.892227380034,795.349115599116,-0.00727466429868814
-705.457346714801,721.456068459498,0.00711036793785428
-784.946113690002,764.341224466224,-0.0047982341314816
296.907662766284,1440.25913085812,-1.6202031150878
206.148751795856,1478.99890926472,1.92761912169957
115.389840825427,1517.73868767131,5.47544135848693
299.73836344712,1526.60161372053,-4.6742747799881
208.979452476692,1565.34139212712,-1.12645254320074
302.569064127956,1612.94409658293,-7.72834644488841
226.914951261354,1686.68954513551,16.3292315672194
133.32533961009,1639.0868406797,22.9311254689071
151.260838394752,1760.4349936881,40.3868095793272
229.074147966336,1365.82099673685,-0.363590086769832
161.240633166389,1291.38286261558,0.893022941548133
138.315236995908,1404.56077514344,3.18423215001753
-107.995025465423,1336.83629579108,-5.01679151916271
-33.5334033684727,1397.13709308449,-1.51938055994616
40.9282187284774,1457.4378903779,1.97803039927039
-10.608007197992,1283.95918055663,-3.81058976841556
63.853614898958,1344.25997785003,-0.313178809199014
86.7790110694387,1231.08206532217,-2.60438801766841
-393.305297965718,1888.99699930868,-7.83682738926723
-471.355995288046,1926.82422917071,-5.14134029175122
-549.406692610375,1964.65145903275,-2.44585319423521
-387.583430346397,1970.97987190547,-6.43091399230637
-465.634127668726,2008.8071017675,-3.73542689479036
-381.861562727076,2052.96274450226,-5.02500059534551
-297.890761926378,2018.72095038342,9.93554967500282
-213.919961125679,1984.47915626458,24.8960999453511
-303.612629545698,1936.73807778663,8.52963627804196
-323.964900821703,1818.22877151413,3.54965578631642
-234.272232401684,1865.96984999208,19.9161194536256
-144.579563981664,1913.71092847003,36.2825831209348
-254.624503677688,1747.46054371957,14.9361389619001
-164.931835257669,1795.20162219753,31.3026026292093
-185.284106533674,1676.69231592502,26.3226221374837
15.1651917057271,1570.72323042255,12.4245016181525
-59.296430391223,1510.42243312914,8.92709065893598
-133.758052488173,1450.12163583573,5.42967969971943
-85.0594574139733,1623.70777317378,19.3735618778181
-159.521079510923,1563.40697588037,15.8761509186016
-46.771687353306,1863.56523245468,41.8092264799638
51.036189275052,1813.41953643933,47.3358698389928
-67.1239586293108,1745.05592618218,36.8292459882383
33.1006904903896,1692.07138343094,29.8801857285727
-372.035324465266,1430.28448743621,-5.53510544130185
-309.784918488069,1512.42043026581,5.08413708496001
-247.534512510871,1594.55637309542,15.7033796112219
-284.021891465318,1399.13509022117,-5.36233413392214
-221.771485488121,1481.27103305077,5.25690839233972
-196.00845846537,1367.98569300612,-5.18956282654242
-454.491116748314,1665.72035169002,-2.03143130090385
-364.755446676767,1669.37767310169,7.41991984522534
-275.019776605221,1673.03499451335,16.8712709913545
-427.005852653965,1587.24173027208,-3.19932268103652
-337.270182582418,1590.89905168375,6.25202846509267
-399.520588559615,1508.76310885415,-4.36721406116918
-434.095843820782,1740.14590089624,-3.96656333035831
-413.70057089325,1814.57145010246,-5.90169535981277
-344.360173749235,1743.80322230791,5.48478781577088
-294.714185554143,815.13471140644,0.487548586317719
-223.362041540717,895.322559923151,1.16606950132541
-152.00989752729,975.510408439861,1.84459041633311
-203.15164660511,785.345792708625,0.501276418249048
-131.799502591684,865.533641225336,1.17979733325674
-111.589107656078,755.556874010811,0.515004250180377
49.4809035771983,884.816860128998,0.592744689728258
-31.05410203944,820.186867069904,0.553874469954317
-51.264496975046,930.163634284429,1.21866755303068
-122.666649486045,1216.39433334067,-2.72966420733077
-25.2796312186145,1163.51721810622,-1.52346245658362
72.1073870488162,1110.64010287176,-0.317260705836476
-137.338273506668,1095.95237089027,-0.44253689549883
-39.951255239237,1043.07525565581,0.763664855248316
60.7941453130072,997.728481500379,0.137741991945891
-447.124852350906,965.390611990834,-0.151357588106457
-420.10534475646,888.576028957133,-0.164562501634296
-393.085837162015,811.761445923431,-0.177767415162136
-509.696015257292,919.046076904558,-0.104155423559603
-482.676507662847,842.231493870857,-0.117360337087442
-572.267178163679,872.701541818283,-0.0569532590127486
-348.753200743034,968.763877473843,0.513958413373398
-250.381549135162,972.137142956852,1.17927441485325
-321.733693148588,891.949294440141,0.500753499845559
-506.109063566642,1007.05061991183,-0.170023987623664
-568.680226473029,960.706084825558,-0.12282182307681
-631.251389379415,914.361549739283,-0.0756196585299559
-565.093274782378,1048.71062783283,-0.188690387140871
-627.664437688765,1002.36609274656,-0.141488222594017
-624.077485998114,1090.37063575383,-0.207356786658078
-859.999999999971,811.111111111111,-0.0112676889217674
-859.999999999971,888.888888888889,-0.0202135738792598
-859.999999999971,966.666666666667,-0.0291594588367521
-784.946113690002,842.119002244002,-0.013744119088974
-784.946113690002,919.89678002178,-0.0226900040464663
-709.892227380034,873.126893376894,-0.0162205492561805
-706.305275689384,961.131436384169,-0.0820891133202417
-781.359161999352,1007.90132302906,-0.0885585681105276
-702.718323998733,1049.13597939145,-0.147957677384303
-859.999999999971,1200,-0.0909116184213162
-781.359161999352,1163.45687858461,-0.129726674500237
-702.718323998733,1126.91375716922,-0.168541730579158
-859.999999999971,1122.22222222222,-0.0703275652264615
-781.359161999352,1085.67910080683,-0.109142621305382
-859.999999999971,1044.44444444444,-0.0497435120316068
-624.150285133132,1305.62408889053,1.2022493466355
-624.126018754793,1233.87293784496,0.732380635537637
-624.101752376454,1162.1217867994,0.26251192443978
-702.766856755412,1270.41605926035,0.771195691616558
-702.742590377073,1198.66490821479,0.3013269805187
-781.383428377691,1235.20802963018,0.340142036597621
-541.90490866983,1120.54752243294,0.00460332666258719
-541.929175048169,1192.2986734785,0.474472037760445
-541.953441426508,1264.04982452407,0.944340748858303
-459.732331341545,1150.72440911205,0.216563439983253
-459.756597719884,1222.47556015761,0.686432151081111
-377.55975401326,1180.90129579115,0.428523553303918
-423.936486238357,1037.22750659094,0.0419361256970018
-482.920697454093,1078.88751451194,0.0232697261797945
-400.748120125809,1109.06440119105,0.23522983950046
-375.718277497262,1264.0290263395,-1.55935277823134
-457.915121203886,1305.60329070596,-1.30144418045414
-540.11196491051,1347.17755507242,-1.04353558267695
-373.876800981264,1347.15675688786,-3.54722910976659
-456.073644687888,1388.73102125431,-3.2893205119894
-325.564834630485,1040.60077207395,0.707252127176857
-302.376468517937,1112.43766667406,0.900545840980315
-227.193183022613,1043.97403755696,1.37256812865671
-285.863367981316,1316.00735967281,-3.37445780238688
-197.849934981369,1284.85796245777,-3.20168649500717
-287.704844497314,1232.87962912446,-1.38658147085162
-212.521559001991,1164.41600000737,-0.914559183175227
-629.469796315918,1931.28745656702,0.320591877522768
-551.419098993589,1893.46022670499,-2.37489521999324
-473.36840167126,1855.63299684295,-5.07038231750925
-631.482202699132,1860.09622423927,0.39154985176474
-553.431505376803,1822.26899437723,-2.30393724575127
-633.494609082346,1788.90499191151,0.462507826006713
-514.158947526325,1706.78189843052,-1.20011825860033
-573.826778304335,1747.84344517101,-0.368805216296808
-493.763674598793,1781.20744763674,-3.13525028805479
-629.239245032507,1378.4674791388,0.928746784134749
-634.328204931882,1451.31086938707,0.655244221634003
-639.417164831257,1524.15425963535,0.381741659133257
-545.200924809885,1420.02094532069,-1.3170381451777
-550.28988470926,1492.86433556897,-1.59054070767844
-461.162604587263,1461.57441150259,-3.56282307449015
-516.133132775962,1618.53165433846,-1.22704031422481
-577.775148803609,1571.3429569869,-0.422649327545778
-575.800963553972,1659.59320107896,-0.395727271921293
-637.44297958162,1612.4045037274,0.408663714757742
-635.468794331983,1700.65474781945,0.435585770382228
-488.647868681612,1540.05303292053,-2.39493169435748
-859.999999999971,1277.77777777778,-0.0815499236371445
-859.999999999971,1355.55555555556,-0.0721882288529727
-859.999999999971,1433.33333333333,-0.062826534068801
-781.383428377691,1312.98580740795,0.349503731381793
-781.383428377691,1390.76358518573,0.358865426165964
-702.766856755412,1348.19383703813,0.78055738640073
-712.944776554161,1493.88061753468,0.233552261399238
-707.855816654787,1421.0372272864,0.507054823899984
-786.472388277066,1463.606975434,0.0853628636652184
-859.999999999971,1511.11111111111,0.0450850472225054
-859.999999999971,1588.88888888889,0.152996628513812
-859.999999999971,1666.66666666667,0.260908209805118
-786.472388277066,1541.38475321178,0.193274444956525
-786.472388277066,1619.16253098956,0.301186026247831
-712.944776554161,1571.65839531245,0.341463842690544
-784.498203027429,1707.41277508161,0.328108081872316
-708.996406054887,1748.15888349656,0.395307953939515
-710.970591304524,1659.90863940451,0.368385898315029
-859.999999999971,2911.11111111111,0.033621890812161
-859.999999999971,2988.88888888889,0.0319600962349783
-859.999999999971,3066.66666666667,0.0302983016577956
-787.433995967493,2944.74571182106,0.010541690015625
-787.433995967493,3022.52348959884,0.00887989543844228
-714.867991935016,2978.38031253101,-0.012538510780911
-859.999999999971,3144.44444444445,0.0193662549637342
-859.999999999971,3222.22222222222,0.00843420826967283
-785.805768065752,3105.31708687081,0.0188645256069836
-785.805768065752,3183.09486464858,0.0079324789129222
-711.611536131534,3143.96750707494,0.00743074955617156
-713.239764033275,3061.17390980298,-0.00255388061236973
-859.999999999971,1900,0.128222221086586
-784.498203027429,1862.96833063717,0.239650756059961
-708.996406054887,1825.93666127434,0.351079291033337
-859.999999999971,1822.22222222222,0.172450883992763
-784.498203027429,1785.19055285939,0.283879418966139
-859.999999999971,1744.44444444444,0.216679546898941
-706.983999671674,1897.1278936021,0.280121316791365
-782.485796644215,1934.15956296493,0.168692781817989
-704.971593288459,1968.31912592985,0.209163342549392
-859.999999999971,1977.77777777778,0.0986484230245963
-859.999999999971,2055.55555555555,0.0690746249626071
-859.999999999971,2133.33333333333,0.0395008269006179
-782.485796644215,2011.9373407427,0.139118983756
-782.485796644215,2089.71511852048,0.10954518569401
-704.971593288459,2046.09690370763,0.179589544487403
-713.523677416302,2195.88991567887,0.609032269411677
-709.247635352381,2120.99340969325,0.39431090694954
-786.761838708136,2164.6116245061,0.324266548156147
-859.999999999971,2211.11111111111,-0.0281701708658684
-859.999999999971,2288.88888888889,-0.0958411686323547
-859.999999999971,2366.66666666667,-0.163512166398841
-786.761838708137,2242.38940228388,0.256595550389661
-786.761838708137,2320.16718006166,0.188924552623175
-713.523677416302,2273.66769345665,0.541361271645191
-859.999999999971,2522.22222222222,-0.0465961694477815
-784.703982696137,2485.19186100381,-0.0615585144398503
-709.407965392304,2448.16149978539,-0.0765208594319191
-859.999999999971,2444.44444444445,-0.105054167923311
-784.703982696138,2407.41408322603,-0.12001651291538
-711.465821404303,2360.91459662102,0.232420206106636
