% Model:              HG36,0_completo_setoresRad_F7_,30mm_ext_FontesCruz01_Sfv_Shv_Teste3_topo.mph
% Version:            COMS,OL 5.5.0.292,
% Date:               Dec,"14 2024, 11:24",
% Dimension:          2,,
% Nodes:              1108,,
% Expressions:        1,,
% Description:        Surf,ace,
% surf9x,surf9y,Color
859.99999999997,3766.66666666667,-56.830778579611
805.963369897645,3786.09512777438,-27.0562884148976
751.92673979532,3805.52358888209,2.71820174981578
697.890109692994,3824.9520499898,32.4926919145292
859.999999999979,3844.44444444445,-39.5157814711232
805.963369897654,3863.87290555215,-9.74129130640977
751.926739795328,3883.30136665986,20.0331988583036
859.999999999987,3922.22222222222,-22.2007843626353
805.963369897662,3941.65068332993,7.57370580207807
859.999999999996,4000,-4.88578725414748
678.587484135504,3642.23411779801,-4.44697398983542
739.058322756993,3683.71163408757,-21.9082421864273
799.529161378482,3725.18915037712,-39.3695103830191
739.058322756993,3605.93385630979,-3.19387039148052
799.529161378482,3647.41137259934,-20.6551385880724
859.99999999997,3688.88888888889,-38.1164067846642
799.529161378482,3569.63359482156,-1.94076679312563
859.99999999997,3611.11111111111,-19.4020349897175
859.99999999997,3533.33333333333,-0.687663194770731
691.455901173831,3764.04607259253,20.1794699464076
745.492531276156,3744.61761148483,-9.59502021830575
685.021692654668,3703.14009519527,7.86624797828611
689.915685876251,-41.364002537497,-0.000907327601047365
746.610457250824,-16.4648905805536,0.000889759716438478
803.305228625397,8.43422137638987,0.00268684703392432
859.99999999997,33.3333333333333,0.00448393435141017
746.61045725083,-94.2426683583313,0.000478073888631982
803.305228625403,-69.3435564013879,0.00227516120611783
859.999999999976,-44.4444444444445,0.00407224852360367
803.30522862541,-147.121334179166,0.00186347537831133
859.999999999983,-122.222222222222,0.00366056269579717
859.999999999989,-200,0.00324887686799068
665.422851311035,-94.2426683583313,-0.000746990497452361
722.117622685614,-147.121334179166,0.000638410992226986
778.812394060193,-200,0.00202381248190633
640.930016745818,-147.121334179166,-0.000586653393857356
697.624788120397,-200,0.000798748095821991
616.437182180601,-200,-0.000426316290262352
622.416883344357,4000,170.177457339448
701.611255562903,4000,111.823042474916
780.805627781449,4000,53.4686276103842
647.574625460569,3941.65068332993,124.282535531142
726.768997679116,3941.65068332993,65.9281206666098
672.732367576782,3883.30136665986,78.3876137228354
793.543381335422,68.8407518025634,0.00279692625369072
727.086762670873,104.348170271793,0.00110991815597127
660.630144006325,139.855588741024,-0.000577089941748179
859.99999999997,111.111111111111,0.00487704120284884
793.543381335422,146.618529580341,0.00319003310512939
727.086762670873,182.125948049571,0.00150302500740994
859.99999999997,188.888888888889,0.00527014805428752
793.543381335422,224.396307358119,0.00358313995656807
859.99999999997,266.666666666667,0.00566325490572619
680.153838586276,19.0425278886765,-0.00079724838128097
670.3919912963,79.4490583148501,-0.000687169161514575
736.848609960849,43.94163984562,0.000999838936204874
859.99999999997,500,0.00483804330432861
859.99999999997,422.222222222222,0.0051131138381278
859.99999999997,344.444444444444,0.005388184371927
784.470624275306,463.492748705343,0.00300184218732059
784.470624275306,385.714970927566,0.00327691272111979
784.470624275306,307.937193149788,0.00355198325491898
708.941248550641,426.985497410687,0.00116564107031258
708.941248550641,349.207719632909,0.00144071160411177
633.411872825977,390.47824611603,-0.000670560046695442
651.557386946209,223.396474532693,-0.000608246643397267
642.484629886093,306.937360324361,-0.000639403345046354
718.014005610757,265.66683384124,0.00147186830576086
626.639424946833,3813.98059379083,75.2018341906948
555.388740200672,3803.00913759186,117.91097646686
484.13805545451,3792.0376813929,160.620118743026
601.481682830621,3872.3299104609,121.096755999001
530.230998084459,3861.35845426193,163.805898275167
576.323940714408,3930.67922713097,166.991677807307
620.20521642767,3753.07461639357,62.8886122225733
613.771007908506,3692.16863899631,50.5753902544518
548.954531681508,3742.1031601946,105.597754498739
859.99999999997,2833.33333333333,0.00928835960882475
786.863877970255,2862.17687338316,0.010570395619729
713.727755940539,2891.02041343299,0.0118524316306333
640.591633910824,2919.86395348282,0.0131344676415375
859.99999999997,2911.11111111111,0.100671571553061
786.863877970255,2939.95465116094,0.101953607563966
713.727755940539,2968.79819121077,0.10323564357487
859.99999999997,2988.88888888889,0.192054783497298
786.863877970255,3017.73242893872,0.193336819508202
859.99999999997,3066.66666666667,0.283437995441535
859.99999999997,2600,0.0786696732642657
786.747737811689,2638.10193872291,-0.0428454868447724
713.495475623408,2676.20387744583,-0.164360646953811
640.243213435128,2714.30581616874,-0.285875807062849
859.99999999997,2677.77777777778,0.0555425687124521
786.747737811689,2715.87971650069,-0.0659725913965861
713.495475623408,2753.98165522361,-0.187487751505624
859.99999999997,2755.55555555556,0.0324154641606384
786.747737811689,2793.65749427847,-0.0890996959483997
640.475493752259,2851.34457437813,-0.0865356239265912
713.611615781974,2822.5010343283,-0.0878176599374955
640.359353593693,2782.82519527343,-0.18620571549472
859.99999999997,2366.66666666667,0.0292733597384589
788.579595876853,2399.37407471186,0.0334138099506476
717.159191753735,2432.08148275705,0.0375542601628362
645.738787630618,2464.78889080224,0.0416947103750248
859.99999999997,2444.44444444445,0.0457387975803945
788.579595876853,2477.15185248963,0.0498792477925832
717.159191753735,2509.85926053482,0.0540196980047718
859.99999999997,2522.22222222222,0.0622042354223301
788.579595876853,2554.92963026741,0.0663446856345188
642.075071500291,2631.13350771324,-0.176685634583558
715.327333688572,2593.03156899033,-0.0551704744745194
643.906929565454,2547.96119925774,-0.0674954621042664
859.99999999997,2133.33333333333,-0.00306321137215172
783.532498934962,2169.38983106291,0.0021076580141526
707.064997869954,2205.44632879248,0.00727852740045692
630.597496804946,2241.50282652206,0.0124493967867612
859.99999999997,2211.11111111111,0.00771564566471849
783.532498934962,2247.16760884069,0.0128865150510228
707.064997869954,2283.22410657026,0.0180573844373271
859.99999999997,2288.88888888889,0.0184945027015887
783.532498934962,2324.94538661846,0.023665372087893
640.691690688727,2390.36020270884,0.0319462725122703
712.112094811845,2357.65279466365,0.0278058223000817
635.644593746837,2315.93151461545,0.0221978346495158
859.99999999997,3300,4.2587764099378
790.179887290134,3334.52374014413,0.311599945310731
720.359774580297,3369.04748028826,-3.63557651931634
650.53966187046,3403.57122043239,-7.58275298394341
859.99999999997,3377.77777777778,2.60996320836829
790.179887290134,3412.30151792191,-1.33721325625878
720.359774580297,3446.82525806604,-5.28438972088585
859.99999999997,3455.55555555556,0.96115000679878
790.179887290134,3490.07929569969,-2.98602645782829
669.238210047156,3562.67981867614,-5.49223365453808
729.709048668645,3526.37955718791,-4.23913005618319
659.888935958808,3483.12551955427,-6.53749331924075
784.186666798126,3103.75595514246,0.197902657681063
708.373333596282,3140.84524361825,0.112367319920591
632.560000394438,3177.93453209403,0.0268319821601188
859.99999999997,3144.44444444445,1.60855080027362
784.186666798126,3181.53373292023,1.52301546251315
708.373333596282,3218.62302139602,1.43748012475268
859.99999999997,3222.22222222222,2.93366360510571
784.186666798126,3259.31151069801,2.84812826734524
644.546441378453,3328.35899098627,-5.0462246619089
714.366554088289,3293.83525084214,-1.09904819728183
638.553220886445,3253.14676154015,-2.50969633987439
635.237211566567,3091.9110058903,0.0222661439872584
711.050544768411,3054.82171741451,0.10780148174773
637.914422738695,3005.88747968656,0.0177003058143979
474.058770771345,3566.47042128436,30.8359440551624
542.235008559398,3591.72498678891,19.0749713734964
610.411246347451,3616.97955229346,7.31399869183051
532.88573447105,3512.17068766704,18.0297117087938
601.061972259103,3537.42525317159,6.26873902712785
591.712698170755,3457.87095404972,5.22347936242518
477.4185323324,3641.65950798721,74.0973356177836
480.778293893455,3716.84859469005,117.358727180405
545.594770120453,3666.91407349176,62.3363629361177
615.053826028935,-31.9179002223094,-0.00059755307302301
590.560991463718,-84.7965660431437,-0.000437215969428005
566.068156898502,-137.675231863978,-0.000276878865833001
540.191966181619,-22.4717979071218,-0.000287778544998655
515.699131616402,-75.3504637279562,-0.00012744144140365
465.330106334303,-13.0256955919343,2.19959830257008E-05
605.29197873896,28.4886302038641,-0.000487473853256615
530.430118891644,37.9347325190517,-0.000177699325232259
595.530131448984,88.8951606300377,-0.000377394633490219
418.729418397118,-75.3504637279562,2.87060722659655E-05
469.098443679217,-137.675231863978,-0.000120731352163385
519.467468961317,-200,-0.000270168776592736
372.128730459933,-137.675231863978,3.54161615062302E-05
422.497755742032,-200,-0.000114021262923121
325.528042522747,-200,4.21262507464949E-05
859.99999999997,733.333333333333,0.00457006226638168
859.99999999997,655.555555555555,0.00465938927903066
859.99999999997,577.777777777778,0.00474871629167963
785.650935238754,702.807991699567,0.00290640662861825
785.650935238754,625.030213921789,0.00299573364126722
785.650935238754,547.252436144011,0.0030850606539162
711.301870477537,672.2826500658,0.00124275099085482
711.301870477537,594.504872288022,0.00133207800350379
636.952805716321,641.757308432033,-0.000420904646908619
634.592183789425,474.237933554698,-0.000587341580099834
635.772494752873,557.997620993366,-0.000504123113504226
710.121559514089,510.745184849355,0.00124885953690818
457.182175295643,531.951029206343,-0.000367535827625018
517.105718769202,568.553122281574,-0.000385325434052885
577.029262242761,605.155215356803,-0.000403115040480752
515.925407805754,484.793434842906,-0.000468543900648493
575.848951279313,521.395527918136,-0.00048633350707636
574.668640315865,437.635840479468,-0.000569551973671967
785.889911573188,771.107846778779,0.0029116777206123
711.779823146406,808.882360224224,0.00125329317484293
637.669734719623,846.65687366967,-0.000405091370926451
859.99999999997,811.111111111111,0.00469797526445838
785.889911573188,848.885624556556,0.00303959071868901
711.779823146406,886.660138002002,0.00138120617291963
859.99999999997,888.888888888889,0.00482588826253509
785.889911573188,926.663402334334,0.00316750371676571
859.99999999997,966.666666666667,0.00495380126061179
637.191782050755,710.057163511245,-0.000415633554914563
637.430758385189,778.357018590458,-0.000410362462920507
711.540846811972,740.582505145012,0.00124802208284887
789.163964874128,998.8186380882,0.00331838303969327
718.327929748287,1030.97060950973,0.00168296481877475
647.491894622445,1063.12258093127,4.75465978562351E-05
859.99999999997,1044.44444444444,0.00506314780310847
789.163964874128,1076.59641586598,0.00342772958218995
718.327929748287,1108.74838728751,0.00179231136127144
859.99999999997,1122.22222222222,0.00517249434560516
789.163964874128,1154.37419364376,0.00353707612468664
859.99999999997,1200,0.00528184088810184
644.217841321504,990.967345177401,-0.000103332725071327
715.053876447346,958.815373755868,0.00153208549584719
640.943788020564,918.812109423535,-0.000254212047998889
435.295050213774,3861.35845426193,145.338392229503
386.452044973037,3930.67922713097,130.05666571598
337.6090397323,4000,114.774939202458
481.387992843722,3930.67922713097,148.524171761644
432.544987602986,4000,133.242445248121
527.480935473671,4000,151.709951293784
541.059956802342,351.646411597012,-0.000449170996550741
550.132713862458,268.105525805343,-0.000418014294901654
559.205470922575,184.564640013674,-0.000386857593252566
448.708040778708,312.814577077993,-0.00022778194640604
457.780797838824,229.273691286324,-0.000196625244756953
356.356124755074,273.982742558974,-6.39289626133959E-06
423.57349178212,445.961600323887,-0.000247154850503792
482.316724292231,398.804005960449,-0.000348162923527267
389.964808268597,359.972171441431,-0.000126773873382566
429.005445807893,82.6437837917019,1.2533023263354E-05
392.680785281483,178.313263175338,3.0700635010072E-06
494.105458365234,133.604211902688,-0.000187162284994606
445.609064000123,3036.42848211356,1.66327536967156
507.926042798228,3083.59716544039,1.11779424050108
570.243021596333,3130.76584876721,0.5723131113306
510.603253970357,2997.57363923665,1.11322840232822
572.920232768462,3044.74232256347,0.56774727315774
575.59744394059,2958.71879635973,0.56318143498488
281.108633738724,3888.31462943009,79.7262720532499
224.608227745147,3776.62925886017,44.6776049040422
168.10782175157,3664.94388829026,9.62893775483459
223.811550875546,4000,70.4317344333801
167.31114488197,3888.31462943009,35.3830672841724
110.810738888393,3776.62925886017,0.334400134964798
110.014062018793,4000,26.0885296643027
53.5136560252157,3888.31462943009,-8.96013748490499
-3.7834268379614,4000,-18.2546751047748
378.794644220197,3749.67308369202,110.289725080296
273.451232985883,3707.30848599114,59.9593314175651
329.95163897946,3818.99385656105,95.0079985667727
372.075121098087,3599.29491028633,23.7669419550531
270.091471424828,3632.11939928829,16.6979398549438
375.434882659142,3674.48399698917,67.0283335176743
859.99999999997,1433.33333333333,0.0073013257793267
859.99999999997,1355.55555555556,0.00662816414891841
859.99999999997,1277.77777777778,0.00595500251851013
785.402027888233,1394.6619639784,0.00461496275698379
785.402027888233,1316.88418620062,0.0039418011265755
785.402027888233,1239.10640842284,0.00326863949616721
710.804055776496,1355.99059462346,0.00192859973464087
710.804055776496,1278.21281684569,0.00125543810423259
636.206083664759,1317.31922526853,-0.000757763287702037
714.565992762391,1193.4806020666,0.00152387473275201
643.729957636549,1147.85479571035,-0.000220890030663189
639.968020650654,1232.58701048944,-0.000489326659182613
782.71134415905,1468.02863979824,0.00469404764089196
705.422688318129,1502.72394626315,0.00208676950245723
628.134032477209,1537.41925272806,-0.000520508635977506
859.99999999997,1511.11111111111,0.00647804416012961
782.71134415905,1545.80641757602,0.00387076602169487
705.422688318129,1580.50172404093,0.00126348788326014
859.99999999997,1588.88888888889,0.00565476254093252
782.71134415905,1623.5841953538,0.00304748440249778
859.99999999997,1666.66666666667,0.00483148092173543
633.515399935576,1390.68590108837,-0.00067867840379386
630.824716206392,1464.05257690821,-0.000599593519885683
708.113372047313,1429.35727044331,0.00200768461854905
787.574012541955,1699.67087760723,0.00372366153226041
715.14802508394,1732.67508854779,0.00261584214278539
642.722037625925,1765.67929948836,0.00150802275331037
859.99999999997,1744.44444444444,0.00568709838139111
787.574012541955,1777.44865538501,0.00457927899191609
715.14802508394,1810.45286632557,0.00347145960244107
859.99999999997,1822.22222222222,0.00654271584104679
787.574012541955,1855.22643316278,0.00543489645157177
859.99999999997,1900,0.00739833330070247
637.85936924302,1689.59261723492,0.000831845623547747
710.285356701035,1656.58840629436,0.00193966501302277
632.996700860114,1613.50593498149,0.000155668493785121
559.505855040501,2887.09995214786,0.0250538640637144
559.389714881936,2818.58057304317,-0.0746162275044143
559.27357472337,2750.06119393848,-0.174286319072543
478.420076170179,2854.33595081291,0.0369732604858913
478.303936011613,2785.81657170821,-0.0626968310822375
397.334297299856,2821.57194947795,0.0488926569080682
429.517475100034,2964.80963790169,1.1251477987504
494.511665070268,2925.95479502478,0.575100831407056
413.425886199945,2893.19079368982,0.587020227829233
475.278998310884,2590.41209008663,-0.110566929511297
530.267070018965,2631.70999878066,-0.169003222028481
585.255141727046,2673.0079074747,-0.227439514545665
532.098928084129,2548.53769032516,-0.05981304954919
587.08699979221,2589.8355990192,-0.118249342066374
588.918857857373,2506.6632905637,-0.00905916958708257
449.297431307208,2667.4653765504,-0.0574137340381755
423.315864303532,2744.51866301418,-0.00426053856505363
504.285503015289,2708.76328524444,-0.115850026555359
784.67118701198,1938.58437006733,0.00230698409915039
709.342374023989,1977.16874013466,-0.00278436510240169
634.013561035998,2015.75311020199,-0.00787571430395377
859.99999999997,1977.77777777778,0.00391115174308441
784.671187011979,2016.36214784511,-0.00118019745846767
709.342374023989,2054.94651791244,-0.00627154666001976
859.99999999997,2055.55555555556,0.000423970185466344
784.671187011979,2094.13992562289,-0.00466737901608574
631.736184881963,2166.25292108204,0.00567435975652291
708.203685946972,2130.19642335246,0.000503490370218584
632.874872958981,2091.00301564201,-0.00110067727371543
636.916386565974,1932.39517329744,-0.00474780195153239
712.245199553964,1893.81080323011,0.000343547250019689
639.81921209595,1849.0372363929,-0.00161988959911101
472.021693926967,1887.05047534606,-0.00177104947050933
526.018982963311,1929.95135363137,-0.00380593774832415
580.016271999655,1972.85223191668,-0.00584082602613896
528.921808493287,1846.59341672682,-0.000678025395902763
582.91909752963,1889.49429501213,-0.00271291367371758
585.821923059606,1806.13635810759,0.000414998678703806
550.837515465021,2047.51131866141,-0.00841675037724467
467.661469894043,2079.26952712083,-0.00895778645053557
384.485424323065,2111.02773558025,-0.00949882252382647
549.698827388003,2122.76122410143,-0.00164171334700633
466.522781817025,2154.51943256085,-0.00218274942029723
548.560139310986,2198.01112954146,0.00513332368323201
442.842937392333,1961.70956209079,-0.00434697382161504
413.664180857699,2036.36864883552,-0.00692289817272075
496.840226428677,2004.6104403761,-0.00638186209942986
551.890860121758,2278.82050031252,0.0204401607501533
473.18422343857,2316.13817410298,0.0284309247135453
394.477586755382,2353.45584789344,0.0364216886769374
556.937957063649,2353.24918840591,0.0301885986129078
478.231320380461,2390.56686219637,0.0381793625762999
561.985054005539,2427.6778764993,0.0399370364756623
448.34519445905,2511.42667602223,-0.0615707234485524
505.165124232295,2469.55227626077,-0.010816843486445
421.411390607216,2432.44126195784,-0.0125745173858075
391.14686594461,2272.64647712238,0.0211148516100161
469.853502627798,2235.32880333192,0.0131240876466241
387.816145133837,2191.83710635132,0.00580801454309482
545.841626031686,3374.41239329544,-8.37390202848073
539.848405539679,3299.20016384933,-5.83737370644622
533.855185047671,3223.98793440321,-3.30084538441171
441.143590192912,3345.2535661585,-9.16505107301805
435.150369700904,3270.04133671238,-6.62852275098354
336.445554354138,3316.09473902155,-9.95620011755537
428.187698632276,3483.01186053009,17.2385626642565
487.014662331981,3428.71212691277,4.43233031788786
382.316626493207,3399.55329977582,3.64118127335055
326.204048959018,3515.83634953206,10.1695605641472
280.332976819948,3432.37778877778,-3.42782082675871
224.220399285759,3548.66083853402,3.10055846403794
409.221227451461,3129.65056774956,-2.20988312607075
372.833390902799,3222.87265338555,-6.08304162181306
471.538206249566,3176.81925107638,-2.75536425524123
272.114824498566,-122.744271338006,2.86274968397111E-05
218.701606474385,-45.4885426760117,1.51287429329272E-05
165.288388450204,31.7671859859825,1.62998902614337E-06
318.715512435751,-60.4195032019839,2.19174075994463E-05
265.30229441157,16.8362254600102,8.4186536926625E-06
365.316200372936,1.90526493403799,1.52073183591816E-05
328.991539846527,97.5747443176742,5.74435859683485E-06
228.97763388516,112.505704843646,-1.04430606968428E-06
292.666879320117,193.24422370131,-3.71860116551193E-06
110.259781999092,-45.4885426760117,1.86397677507208E-05
163.673000023274,-122.744271338006,3.21385216575047E-05
217.086218047455,-200,4.56372755642885E-05
55.2311755479809,-122.744271338006,3.56495464752983E-05
108.644393572162,-200,4.91483003820821E-05
0.202569096869471,-200,5.26593251998757E-05
562.22187639975,672.941466174466,-0.000293118482595423
487.49094708318,704.125623916898,-0.000165332318282227
412.760017766609,735.309781659331,-3.75461539690312E-05
562.460852734184,741.241321253678,-0.000287847390601367
487.729923417614,772.42547899611,-0.000160061226288171
562.699829068618,809.54117633289,-0.000282576298607311
442.374789452631,599.737280024006,-0.000257539269739689
427.56740360962,667.523530841668,-0.00014754271185436
502.298332926191,636.339373099236,-0.000275328876167556
372.245833111841,540.590348927502,-0.000230204288901915
287.30949092804,549.229668648662,-9.28727501788123E-05
202.373148744239,557.86898836982,4.44587885442908E-05
357.43844726883,608.376599745165,-0.000120207731016586
272.502105085029,617.015919466324,1.71238077065168E-05
342.631061425819,676.162850562827,-1.02111731312572E-05
338.637149598318,454.600920045046,-0.000109823311780689
305.028466084795,368.61149116259,1.05576653405372E-05
253.700807414517,463.240239766205,2.7508226942414E-05
469.580434822324,1187.66802853024,-0.00086098768788283
525.122317769803,1230.88509410967,-0.000826579554489232
580.664200717281,1274.1021596891,-0.000792171421095635
528.884254755698,1146.15287933059,-0.000558142925969808
584.426137703176,1189.36994491001,-0.000523734792576211
588.188074689071,1104.63773013093,-0.000255298164056787
558.691225069814,885.35576939126,-0.000314285292328708
479.712715420005,924.05466511285,-0.000223479213730964
400.734205770196,962.753560834441,-0.000132673135133221
561.965278370755,957.511005145126,-0.000163405969401146
482.986768720946,996.209900866716,-7.25998908034021E-05
565.239331671695,1029.66624089899,-1.25266464735835E-05
446.631691804948,1112.69653929831,-0.000618216170299627
505.935511738322,1071.18139009865,-0.000315371408386605
423.682948787572,1037.72505006638,-0.000375444652716424
408.751413767805,811.124374717701,-6.92551476904277E-05
404.742809769001,886.938967776071,-0.000100964141411824
483.721319418809,848.24007205448,-0.000191770220009568
-175.366632165915,3724.30704412489,-3.16359371349075
-229.634969039289,3816.20469608326,-1.89709739387871
-283.903305912663,3908.10234804163,-0.630601074266669
-338.171642786038,4000,0.635895245345371
-118.17223038993,3816.20469608326,-8.1939541772521
-172.440567263305,3908.10234804163,-6.92745785764005
-226.708904136679,4000,-5.66096153802801
-60.9778286139458,3908.10234804163,-13.2243146410134
-115.24616548732,4000,-11.9578183214014
-60.8751475267531,3704.51932551335,1.1005834426177
-3.68074575076873,3796.41697747172,-3.92977702114365
53.6163371124083,3684.7316069018,5.36476059872614
99.6399375835452,128.529269250587,1.54075095637807E-06
33.9914867168866,225.291352515192,1.45151288661277E-06
-31.656964149772,322.053435779797,1.36227481684748E-06
163.329183018502,209.267788108251,-1.13354413944958E-06
97.6807321518432,306.029871372856,-1.22278220921488E-06
227.018428453458,290.006306965915,-3.80783923527723E-06
124.363111112902,479.263804173146,3.00932839684764E-05
175.69076978318,384.635055569531,1.31427223665996E-05
46.3530734815649,400.658619976472,1.57277793926619E-05
-56.5910214061234,-125.110676997304,2.5638964511402E-05
-113.384611909116,-50.2213539946076,-1.38139617707162E-06
-170.178202412109,24.6679690080887,-2.84017568655453E-05
-1.56241495501199,-47.8549483353096,8.6291857868246E-06
-58.3560054580049,27.0343746673866,-1.83911749016491E-05
53.4661914960995,29.4007803266845,-8.38059293775285E-06
-124.004456324664,123.796457931991,-1.84804129714144E-05
-77.8307102372178,222.924946855894,-8.55906907728344E-06
-12.1822593705592,126.162863591289,-8.46983100751815E-06
-243.750625972816,93.1242483050324,-2.59719120534755E-05
-317.323049533523,161.580527601976,-2.35420672414058E-05
-390.89547309423,230.03680689892,-2.11122224293361E-05
-197.57687988537,192.252737228935,-1.60505681593446E-05
-271.149303446077,260.709016525879,-1.36207233472749E-05
-151.403133797925,291.381226152838,-6.1292242652137E-06
-355.801670061873,499.874996943868,6.93348397038869E-06
-247.753434757839,440.601143222511,5.07641425254162E-06
-139.705199453806,381.327289501154,3.21934453469455E-06
-367.499604405992,409.928933595552,-2.41508482951956E-06
-259.451369101958,350.655079874195,-4.27215454736663E-06
-379.197538750111,319.982870247236,-1.17636536294278E-05
-417.618714948699,150.464539292905,-1.56494987276549E-05
-344.046291387992,82.0082599959616,-1.80793435397246E-05
-270.473867827285,13.5519806990178,-2.05091883517944E-05
-444.341956803167,70.8922716868907,-1.01867750259737E-05
-370.76953324246,2.43599238994695,-1.26166198380435E-05
-471.065198657636,-8.67999591912393,-4.72405132429253E-06
-221.462629447875,-50.2213539946075,-8.04374458211874E-06
-164.669038944882,-125.110676997304,1.89766161063549E-05
-107.875448441889,-200,4.59969767948286E-05
-272.747056483641,-125.110676997304,1.23142677013078E-05
-215.953465980648,-200,3.93346283897815E-05
-324.031483519406,-200,3.26722799847343E-05
-373.042721898816,-136.226665306375,2.02068362150587E-05
-422.053960278226,-72.4533306127493,7.74139244538309E-06
-321.75829486305,-61.3373423036784,-1.5117606836782E-07
-519.443732194054,-72.4533306127493,-4.46859177969244E-06
-470.432493814644,-136.226665306375,7.99685198998319E-06
-421.421255435235,-200,2.04622957596588E-05
-567.822265730473,-136.226665306375,-4.21313223509235E-06
-518.811027351063,-200,8.25231153458328E-06
-616.200799266891,-200,-3.95767269049226E-06
-535.952198837123,43.1161163346687,-8.43249902162261E-06
-600.839199016611,94.9122285884613,-1.21409467189527E-05
-665.726199196099,146.708340842254,-1.58493944162828E-05
-509.228956982655,122.688383940683,-1.38952227233038E-05
-574.115957162143,174.484496194476,-1.76036704206339E-05
-482.505715128186,202.260651546698,-1.9357946424985E-05
-621.127759603049,378.250262838822,-7.56739751341521E-06
-544.383664100109,328.845777525521,-1.20823391520555E-05
-467.63956859717,279.441292212221,-1.65972807906958E-05
-635.993906134066,301.069622173299,-1.03280631477044E-05
-559.249810631126,251.665136859999,-1.48430047863447E-05
-650.860052665082,223.888981507777,-1.30887287819936E-05
-455.941634253051,369.387355560537,-7.24871199078753E-06
-532.68572975599,418.791840873837,-2.73377035214724E-06
-444.243699908932,459.333418908853,2.09985680912072E-06
-483.088991887636,3812.35707676138,0.518072359470368
-529.416694206583,3874.90471784092,0.311398576036304
-575.744396525531,3937.45235892046,0.10472479260224
-622.072098844478,4000,-0.101948990831824
-434.78320885377,3874.90471784092,0.557346654762036
-481.110911172717,3937.45235892046,0.350672871327972
-527.438613491665,4000,0.143999087893908
-386.477425819904,3937.45235892046,0.596620950053704
-432.805128138851,4000,0.389947166619639
-380.514871980395,3783.00706588255,-0.709149664850005
-332.209088946529,3845.55470696209,-0.669875369558337
-277.940752073155,3753.65705500372,-1.93637168917038
-692.863064329858,3837.59970277922,-0.0277807127986054
-669.266075834732,3891.73313518615,-0.0525034721430117
-645.669087339605,3945.86656759307,-0.077226231487418
-622.938373515784,3829.18549410661,0.154170311291052
-599.341385020657,3883.31892651353,0.129447551946646
-553.01368270171,3820.77128543399,0.33612133538071
-682.686550014999,3771.74670253735,-0.0936709930432085
-612.761859200925,3763.33249386473,0.0882800310464492
-542.837168386851,3754.91828519212,0.270231055136107
-672.51003570014,3705.89370229547,-0.159561273287812
-602.585344886065,3697.47949362286,0.0223897508018461
-662.33352138528,3640.0407020536,-0.225451553532415
-748.575376219896,3891.73313518615,-0.00751891021012691
-804.287688109933,3945.86656759307,0.0127428923783516
-859.999999999971,4000,0.0330046949668301
-724.978387724769,3945.86656759307,-0.0322416695545332
-780.690699614806,4000,-0.0119798669660547
-701.381399229642,4000,-0.0569644288989395
-384.787333408184,3522.54801735183,1.30308837723663
-417.554552901335,3619.15103715501,1.04141637131454
-450.321772394485,3715.7540569582,0.779744365392456
-314.980432994094,3589.80102627618,-0.185805653005828
-347.747652487245,3686.40404607937,-0.447477658927916
-245.173532580004,3657.05403520054,-1.67469968324829
-569.818125392915,3600.87647381968,0.284061756723935
-510.0699488937,3658.31526538894,0.531903061058195
-477.302729400549,3561.71224558575,0.793575066980284
-140.930966559838,3603.11920285887,-3.17033581615042
-26.4394819206768,3583.33148424733,1.09384133995802
88.0520027184846,3563.54376563578,5.35801849606647
-106.495300953762,3481.93136159285,-3.17707791881009
7.99618368539946,3462.14364298131,1.08709923729835
-72.0596353476857,3360.74352032683,-3.18382002146976
-280.544767388018,3468.61318501016,-0.192547755665499
-210.737866973928,3535.86619393452,-1.68144178590796
-176.302201367852,3414.6783526685,-1.68818388856763
144.164580252674,3447.26071587955,-1.17036079473018
200.277157786863,3330.97766612331,-7.69874008552683
64.1087612195887,3345.86059322507,-5.4412800534983
-394.002504686131,3256.56366267088,0.384724833015982
-390.930780926815,3345.22511423119,0.690846014422866
-387.8590571675,3433.88656579151,0.996967195829749
-286.688214906649,3291.29028188953,-0.804790118479267
-283.616491147334,3379.95173344985,-0.498668937072383
-179.373925127167,3326.01690110818,-1.99430506997452
269.005546413388,3207.10277780057,-6.07703129681506
201.565538472639,3098.11081657959,-2.19786247607476
134.125530531889,2989.11885535862,1.68130634466554
132.837149846114,3221.98570490233,-3.81957126478653
65.3971419053643,3112.99374368136,0.0595975559537748
-3.33124672116072,3236.86863200409,-1.562111232758
341.781219510712,3020.65860652858,1.66928569466956
237.953375021301,3004.8887309436,1.67529601966755
305.39338296205,3113.88069216458,-2.20387280107275
309.598041710534,2877.42091810484,0.593030552827227
221.861786121212,2933.26988673173,1.13716844874639
325.689630610623,2949.03976231671,1.13115812374839
-466.269460097987,3054.60043229946,-0.0418266381536767
-442.180474960702,3121.92150908993,0.100357185569543
-418.091489823416,3189.2425858804,0.242541009292762
-386.702060685582,3050.69014825281,0.180596451296769
-362.613075548296,3118.01122504329,0.322780275019989
-338.524090411011,3185.33230183376,0.464964098743208
-307.134661273176,3046.77986420617,0.403019540747215
-283.045676135891,3114.10094099664,0.545203364470435
-227.567261860771,3042.86958015952,0.625442630197661
-231.209800631529,3220.05892105241,-0.724550852752041
-123.895510852047,3254.78554027106,-1.91406580424729
-175.731386356409,3148.82756021529,-0.644311587024814
-107.002997729884,3024.95267189255,0.977397201686956
-55.1671222255225,3130.91065194832,-0.292357015535519
13.5612664010025,3007.03576362559,1.32935177317625
553.35958035541,1345.38593432953,-0.000628575518330357
470.513077046061,1373.45264339053,-0.000499387748958677
387.666573736712,1401.51935245153,-0.000370199979586996
550.668896626226,1418.75261014937,-0.00054949063442218
467.822393316877,1446.81931921037,-0.000420302865050499
547.978212897043,1492.11928596921,-0.000470405750514003
442.275814460454,1258.95180317067,-0.000697391785117552
414.971194098583,1330.2355778111,-0.000533795882352274
497.817697407932,1302.1688687501,-0.000662983651723954
550.808913577879,1578.46176883162,-0.000158183540256922
473.48379467855,1619.50428493518,0.000204141555463662
396.158675779221,1660.54680103874,0.000566466651184246
555.671581960785,1654.54845108505,0.000517993589505705
478.346463061456,1695.59096718861,0.000880318685226289
560.534250343691,1730.63513333848,0.00119417071926833
446.734021211052,1811.54925057695,-0.000991877429944805
503.634135777371,1771.09219195772,0.000101146644661763
421.446348495136,1736.04802580785,-0.00021270538938028
393.327975098384,1574.20431817634,0.000254244440927165
470.653093997714,1533.16180207278,-0.000108080654793419
390.497274417548,1487.86183531393,-5.79777693299155E-05
371.07990834445,1885.29469912953,-0.00174748128394897
270.138122761932,1883.53892291301,-0.00172391309738861
169.196337179415,1881.78314669649,-0.00170034491082825
341.901151809816,1959.95378587427,-0.00432340563505468
240.959366227298,1958.19800965774,-0.00429983744849432
312.722395275182,2034.612872619,-0.00689932998616039
345.792235628534,1809.79347436043,-0.000968309243384445
320.504562912619,1734.29224959133,-0.000189137202819919
244.850450046017,1808.03769814391,-0.000944741056824084
366.867895716821,2589.67226941113,-0.121328431566752
258.456793122758,2588.93244873564,-0.132089933622206
150.045690528695,2588.19262806015,-0.142851435677661
340.886328713145,2666.72555587491,-0.0681752360936301
232.475226119082,2665.98573519941,-0.0789367381490846
314.904761709469,2743.77884233868,-0.0150220406205082
339.934091864987,2510.68685534674,-0.072332225504007
313.000288013153,2431.70144128234,-0.0233360194412621
231.522989270924,2509.94703467125,-0.0830937275594616
227.168506120147,2799.62781096557,0.529115855298651
144.73897052976,2721.8347038263,0.465201157770074
139.432250530824,2855.47677959246,1.07325375121781
297.938441899292,2147.72353717082,0.00264170486728218
211.391459475519,2184.41933876138,0.0147822322583908
124.844477051746,2221.11514035195,0.0269227596494995
301.269162710064,2228.53290794188,0.0179485419342035
214.722180286291,2265.22870953245,0.0300890693253121
304.599883520837,2309.34227871295,0.0332553790011247
223.122584778608,2387.58787210185,-0.0265023291170747
133.244881544062,2343.47430292135,-0.0296686387928874
141.645286036379,2465.83346549075,-0.0862600372352742
226.175412851409,2071.30867420956,0.00524119740494825
154.412383803525,1994.89381124831,0.00784068994261432
139.628430427636,2108.00447580013,0.0173817247960569
-124.227292705659,2032.22023474253,-0.00269679341079735
-41.2033694531909,2095.18520327901,0.00717639094263492
41.8205537992775,2158.15017181548,0.0170495752960672
-26.4194160773013,1982.07453872719,-0.00236464391080765
56.6045071751671,2045.03950726366,0.00750854044262462
71.3884605510568,1931.92884271184,-0.00203249441081795
23.9339594942597,2272.81002268308,0.023039258758926
-59.0899637582088,2209.84505414661,0.0131660744054938
-142.113887010677,2146.88008561014,0.00329289005206149
-76.9765580632266,2324.50490501421,0.0191557578683526
-160.000481315695,2261.53993647774,0.00928257351492032
-177.887075620713,2376.19978734534,0.0152722569777792
32.334363986576,2395.16918525248,-0.0335521396834608
-68.5761535709102,2446.86406758361,-0.0374356405740342
40.7347684788924,2517.52834782188,-0.0901435381258477
-198.006452244691,2935.08288071353,0.330191517412172
-77.4421881138043,2917.16597244656,0.682146088901466
43.1220760170824,2899.2490641796,1.03410066039076
-168.445642628611,2827.29618126754,0.0349404046266824
-47.8813784977245,2809.37927300057,0.386894976115977
-138.884833012531,2719.50948182155,-0.260310708158807
-42.5746584987892,2675.73719723442,-0.221157617331758
53.7355160149529,2631.96491264728,-0.18200452650471
-151.885580548592,2605.07291699615,-0.168449719779945
-55.5754060348497,2561.30063240901,-0.129296628952896
-164.886328084652,2490.63635217075,-0.0765887314010829
48.4287960160177,2765.60698841344,0.426048066943025
-392.640565333234,2586.33697071682,0.0325824983482689
-308.055321226333,2630.72780775173,-0.0650485704874231
-223.470077119432,2675.11864478664,-0.162679639323115
-321.056068762394,2516.29124292633,0.026812417891439
-236.470824655493,2560.68207996124,-0.070818650944253
-249.471572191553,2446.24551513584,0.0210423374346091
317.231571889945,921.659069214149,-8.28554930326581E-05
321.240175888749,845.844476155779,-5.11464993112616E-05
325.248779887553,770.029883097409,-1.94375055898651E-05
233.728938009694,880.564577593857,-3.30378509320955E-05
237.737542008498,804.749984535487,-1.32885721069898E-06
150.226304129443,839.470085973566,1.67797911684671E-05
255.119823546763,710.882952000906,7.89747524790889E-06
184.990867205973,651.736020904402,3.52324560856829E-05
167.608585667708,745.603053438984,2.6006123627075E-05
-366.066329567569,734.946862889729,-1.00873326581624E-05
-274.503790618537,705.157944191915,-4.59831366330086E-06
-182.941251669504,675.3690254941,8.90705331560633E-07
-91.3787127204722,645.580106796286,6.37972432642213E-06
-362.644776399004,656.589574241109,-4.413727115312E-06
-271.082237449971,626.800655543294,1.07529187954949E-06
-179.519698500939,597.01173684548,6.56431087441098E-06
-359.223223230438,578.232285592489,1.25987842753834E-06
-267.660684281406,548.443366894674,6.74889742239984E-06
-71.4714631969055,537.737883124123,4.70724115656391E-06
-51.5642136733387,429.89565945196,3.03475798670569E-06
-159.612448977372,489.169513173317,4.89182770455276E-06
104.455861589335,587.106027845309,3.17657671383346E-05
6.53857443443149,616.343067320797,1.90727457323783E-05
87.0735800510697,680.973060379891,2.25394346797267E-05
-10.8437071038339,710.210099855379,9.84641327377046E-06
69.6912985128043,774.840092914472,1.33131022211188E-05
26.4458239579982,508.500843648634,1.74002625625201E-05
-621.533699074368,604.677865313153,-1.21101272467946E-05
-532.956356070203,569.743575856725,-5.76225684106684E-06
-444.379013066038,534.809286400297,5.85613564660928E-07
-621.398385917261,529.201997821709,-1.05958840023348E-05
-532.821042913096,494.267708365281,-4.24801359660704E-06
-621.263072760155,453.726130330265,-9.081640757875E-06
-447.800566234603,613.166575048917,-5.08799197818942E-06
-536.377909238768,648.100864505345,-1.14358623839172E-05
-451.222119403168,691.523863697537,-1.07615975210398E-05
-634.838341070066,826.357006732007,-1.45627956776757E-05
-545.247670569234,795.886958784581,-1.30709746711713E-05
-455.657000068401,765.416910837155,-1.15791536646668E-05
-630.403460404833,752.463959592389,-1.37452395340487E-05
-540.812789904001,721.993911644963,-1.22534185275442E-05
-625.9685797396,678.570912452771,-1.29276833904216E-05
374.442299660506,1184.5136690494,-0.000552217766774834
279.304164498688,1181.35930956856,-0.000243447845666839
184.166029336869,1178.20495008771,6.53220754411566E-05
347.137679298635,1255.79744368983,-0.000388621864009556
251.999544136817,1252.64308420898,-7.9851942901561E-05
319.833058936764,1327.08121833026,-0.000225025961244279
351.49355664313,1109.54217981747,-0.000309446249191631
328.544813625754,1034.57069058553,-6.66747316084283E-05
256.355421481312,1106.38782033662,-6.76328083635835E-07
245.042179745503,993.476198965239,-1.68570895078657E-05
161.539545865251,952.381707344948,3.2960552592697E-05
172.85278760106,1065.29332871633,4.91413140169268E-05
-748.575376219896,3813.95535740837,-0.00542351839309743
-804.287688109933,3790.31101203752,0.0169336760124106
-859.999999999971,3766.66666666667,0.0392908704179185
-804.287688109933,3868.0887898153,0.0148382841953811
-859.999999999971,3844.44444444444,0.0371954786008891
-859.999999999971,3922.22222222222,0.0351000867838596
-738.398861905036,3748.1023571665,-0.0713137986377005
-728.222347590177,3682.24935692462,-0.137204078882304
-794.111173795074,3724.45801179564,-0.0489566042321925
-523.31874146443,3097.272930626,-0.0541420864782283
-580.368022830873,3139.94542895254,-0.0664575348027798
-637.417304197316,3182.61792727908,-0.0787729831273314
-499.229756327145,3164.59400741647,0.0880417372449912
-556.279037693588,3207.26650574301,0.0757262889204397
-475.140771189859,3231.91508420694,0.230225560968211
-632.679769734734,3252.67138756999,-0.132373856365689
-627.942235272151,3322.7248478609,-0.185974729604047
-623.204700809569,3392.77830815181,-0.239575602842405
-551.541503231005,3277.31996603392,0.0221254156820819
-546.803968768423,3347.37342632483,-0.0314754575562759
-470.403236727277,3301.96854449785,0.176624687729853
-636.247641001473,3475.19910611907,-0.234867586405741
-649.290581193377,3557.61990408634,-0.230159569969078
-543.732245009107,3436.03487788515,0.274645723850608
-556.775185201011,3518.45567585241,0.279353740287271
-464.259789208646,3479.29144761849,0.78886705054362
-467.331512967961,3390.62999605817,0.482745869136737
-859.999999999971,3533.33333333333,0.0790946437117777
-859.999999999971,3611.11111111111,0.0658267192804913
-859.999999999971,3688.88888888889,0.0525587948492049
-794.111173795074,3568.90245624009,-0.0224207553696198
-794.111173795074,3646.68023401787,-0.0356886798009061
-728.222347590177,3604.47157914684,-0.123936154451017
-715.179407398273,3522.05078117958,-0.128644170887681
-702.13646720637,3439.62998321232,-0.133352187324344
-781.06823360317,3486.48165827283,-0.0271287718062831
-859.999999999971,3300,-0.0172879997237622
-859.999999999971,3377.77777777778,0.0148395480880845
-859.999999999971,3455.55555555556,0.0469670958999311
-781.06823360317,3330.92610271727,-0.0913838674299764
-781.06823360317,3408.70388049505,-0.0592563196181298
-702.13646720637,3361.85220543454,-0.165479735136191
-711.611536131534,3221.74528485272,-0.058277988659475
-785.805768065752,3260.87264242636,-0.0377829941916186
-706.874001668952,3291.79874514363,-0.111878861897833
-696.877270987142,-40.9204660183704,-1.03028393257944E-05
-621.60658021064,-30.1736426519549,-8.44324332529378E-06
-546.335889434138,-19.4268192855394,-6.58364732479316E-06
-669.985113747058,-93.9469773455803,-8.18778378069369E-06
-594.714422970556,-83.2001539791648,-6.32818778019306E-06
-643.092956506975,-146.97348867279,-6.07272823559297E-06
-686.493580390128,21.6224696018377,-1.21516910226239E-05
-676.109889793113,84.1654052220458,-1.40005427194533E-05
-611.222889613626,32.3692929682532,-1.02920950221232E-05
-751.251513991418,-93.9469773455803,-5.12192450238991E-07
-724.359356751335,-146.97348867279,1.60286309486172E-06
-697.467199511251,-200,3.71791863996244E-06
-805.625756995694,-146.97348867279,9.27845442531642E-06
-778.733599755611,-200,1.13935099704171E-05
-859.999999999971,-200,1.90691013008718E-05
-751.251513991418,-16.1691995678025,2.68005883291001E-05
-805.625756995694,-69.1957108950124,3.65912352046555E-05
-859.999999999971,-122.222222222222,4.63818820802109E-05
-805.625756995694,8.58206688276538,6.39040159839946E-05
-859.999999999971,-44.4444444444445,7.36946628595501E-05
-859.999999999971,33.3333333333333,0.000101007443638889
-740.867823394404,46.3737360524056,2.49517366322707E-05
-795.24206639868,71.1250025029735,6.20551642871652E-05
-730.48413279739,108.916671672614,2.31028849354412E-05
-730.48413279739,186.694449450391,3.26112157006662E-05
-795.24206639868,148.902780280751,7.15634950523902E-05
-859.999999999971,111.111111111111,0.000110515774404114
-795.24206639868,226.680558058529,8.10718258176152E-05
-859.999999999971,188.888888888889,0.000120024105169339
-859.999999999971,266.666666666667,0.000129532435934564
-715.617986266373,263.875090115914,3.53718813349554E-05
-780.375919867663,303.861198724052,8.38324914519044E-05
-700.751839735356,341.055730781437,3.81325469692446E-05
-859.999999999971,344.444444444444,0.000122623319799571
-859.999999999971,422.222222222222,0.000115714203664578
-859.999999999971,500,0.000108805087529584
-780.375919867663,381.638976501829,7.6923375316911E-05
-780.375919867663,459.416754279607,7.00142591819177E-05
-700.751839735356,418.833508559214,3.12234308342513E-05
-701.022466049569,569.785243542102,2.81949443453317E-05
-700.887152892462,494.309376050658,2.97091875897915E-05
-780.51123302477,534.892621771051,6.85000159374579E-05
-405.340488201674,2824.45749023301,-0.0673509088840425
-316.52193647196,2789.47482076252,-0.131670841975631
-227.703384742246,2754.49215129204,-0.195990775067219
-401.107180578861,2745.08398372761,-0.0340397731399387
-312.288628849146,2710.10131425713,-0.0983597062315269
-396.873872956047,2665.71047722222,-0.000728637395834908
-445.959802799216,2977.88611827731,-0.0503347283971319
-366.392403386811,2973.97583423066,0.172088361053314
-286.825003974405,2970.06555018401,0.39451145050376
-425.650145500445,2901.17180425516,-0.0588428186405872
-346.08274608804,2897.26152020851,0.163580270809859
-257.264194358325,2862.27885073803,0.0992603377182706
-524.946969366171,3014.47933335403,-0.0208656783258385
-583.624478634354,2974.35823440861,9.52815019997226E-05
-642.301987902538,2934.23713546318,0.0210562413298379
-581.996250732614,3057.15183168057,-0.0331811266503901
-640.673760000797,3017.03073273515,-0.0122201668225518
-639.045532099057,3099.82433000711,-0.0454965749749416
-504.6373120674,2937.76501933188,-0.0293737685692937
-484.327654768629,2861.05070530973,-0.037881858812749
-563.314821335583,2897.64392038645,-0.00841280874145553
-376.139695107756,2134.94561709905,0.000221342859662958
-310.055488612075,2215.36367384781,0.00523831423236836
-243.971282116394,2295.78173059658,0.0102552856050738
-292.168894307057,2100.70382298021,-0.000751369230490478
-226.084687811376,2181.12187972898,0.00426560214221492
-208.198093506358,2066.46202886137,-0.00172408132064391
-458.804750601187,2366.22608919888,0.00747530902508595
-365.165525607696,2369.5506552477,0.0100742916759837
-271.526300614204,2372.87522129652,0.0126732743268814
-431.249732103376,2289.13259849893,0.00505732030327828
-337.610507109885,2292.45716454776,0.00765630295417602
-403.694713605566,2212.03910779899,0.00263933158147062
-436.750022178536,2439.59638303819,0.0158443721328136
-414.695293755885,2512.96667687751,0.0242134352405412
-343.110797185045,2442.92094908701,0.0184433547837113
-627.780407832625,2702.90432034959,-0.00971819097794575
-632.620934522596,2780.01525872079,0.000539953124648812
-637.461461212567,2857.12619709198,0.0107980972272434
-553.633767955641,2743.42204364406,-0.0289290969466446
-558.474294645612,2820.53298201526,-0.0186709528440501
-479.487128078658,2783.93976693853,-0.0481400029153436
-475.253820455844,2704.56626043314,-0.0148288671712398
-471.020512833031,2625.19275392774,0.018482268572864
-549.400460332828,2664.04853713867,0.00438203879745912
-634.111948088471,2488.90891634475,0.00462381225240745
-632.001434669856,2560.2407176797,-0.000156855491043617
-629.89092125124,2631.57251901464,-0.00493752323449468
-553.621487170059,2521.38493446877,0.0139433742843613
-551.510973751443,2592.71673580372,0.00916270654091019
-473.131026251646,2553.8609525928,0.0232629363163151
-517.240483096948,2407.12036491417,0.00652481010085978
-575.67621559271,2448.01464062946,0.00557431117663361
-495.185754674297,2480.49065875348,0.0148938732085874
-640.285516124468,2227.16820685164,0.000421109718368385
-552.236909118897,2196.42734360078,0.000354520765466576
-464.188302113326,2165.68648034991,0.000287931812564767
-636.009474060547,2152.27170086602,0.000255941359045569
-547.960867054976,2121.53083761516,0.00018935240614376
-459.912260049405,2090.78997436429,0.000122763453241951
-631.733431996625,2077.3751948804,9.0772999722753E-05
-543.684824991054,2046.63433162954,2.41840468209439E-05
-627.457389932704,2002.47868889478,-7.4395359600063E-05
-519.298339108947,2319.8734617498,0.00512390925618009
-579.791927616707,2273.52083430072,0.00277250948727424
-577.734071604708,2360.76773746509,0.00417341033195393
-638.227660112469,2314.41511001601,0.00182201056304807
-636.16980410047,2401.66201318038,0.00322291140772776
-491.743320611137,2242.77997104986,0.00270592053437243
-709.407965392304,2525.93927756317,0.00132765349523818
-784.703982696137,2562.96963878158,-0.00196850526193109
-859.999999999971,2600,-0.00526466401910035
-707.297451973689,2597.27107889811,-0.00345301424821288
-782.593469277522,2634.30144011653,-0.00674917300538215
-705.186938555073,2668.60288023306,-0.00823368199166395
-859.999999999971,2677.77777777778,-0.000974917386387826
-859.999999999971,2755.55555555556,0.0033148292463247
-859.999999999971,2833.33333333333,0.00760457587903723
-782.593469277522,2712.07921789431,-0.00245942637266962
-782.593469277522,2789.85699567209,0.0018303202600429
-705.186938555073,2746.38065801084,-0.00394393535895142
-714.867991935016,2900.60253475323,0.0165723528462377
-710.027465245045,2823.49159638203,0.00631420874364314
-787.433995967493,2866.96793404328,0.0120884643626375
-859.999999999971,577.777777777778,9.63043098656339E-05
-859.999999999971,655.555555555555,8.38035322016836E-05
-859.999999999971,733.333333333333,7.13027545377333E-05
-780.51123302477,612.670399548829,5.59992382735076E-05
-780.51123302477,690.448177326606,4.34984606095573E-05
-701.022466049569,647.56302131988,1.56941666813814E-05
-709.892227380034,795.349115599116,1.40590543941273E-05
-705.457346714801,721.456068459498,1.48766105377543E-05
-784.946113690002,764.341224466224,4.26809044659303E-05
296.907662766284,1440.25913085812,-3.33096786328546E-05
206.148751795856,1478.99890926472,0.000303580622321287
115.389840825427,1517.73868767131,0.000640470923275429
299.73836344712,1526.60161372053,0.000278912531624226
208.979452476692,1565.34139212712,0.000615802832578368
302.569064127956,1612.94409658293,0.000591134741881307
226.914951261354,1686.68954513551,-0.000164469112122858
133.32533961009,1639.0868406797,-0.000139801021425797
151.260838394752,1760.4349936881,-0.000920072966127023
229.074147966336,1365.82099673685,0.000111864339709863
161.240633166389,1291.38286261558,0.000257038358052581
138.315236995908,1404.56077514344,0.000448754640664005
-107.995025465423,1336.83629579108,-2.33858694275598E-05
-33.5334033684727,1397.13709308449,0.000197899728140103
40.9282187284774,1457.4378903779,0.000419185325707766
-10.608007197992,1283.95918055663,6.18344552867902E-06
63.853614898958,1344.25997785003,0.000227469043096342
86.7790110694387,1231.08206532217,3.57527604849178E-05
-393.305297965718,1888.99699930868,-0.002669438135255
-471.355995288046,1926.82422917071,-0.00180442387670336
-549.406692610375,1964.65145903275,-0.000939409618151709
-387.583430346397,1970.97987190547,-0.00170584447028235
-465.634127668726,2008.8071017675,-0.000840830211730703
-381.861562727076,2052.96274450226,-0.000742250805309696
-297.890761926378,2018.72095038342,-0.00171496289546313
-213.919961125679,1984.47915626458,-0.00268767498561657
-303.612629545698,1936.73807778663,-0.00267855656043578
-323.964900821703,1818.22877151413,-0.00165196856999489
-234.272232401684,1865.96984999208,-0.00166108699517568
-144.579563981664,1913.71092847003,-0.00167020542035646
-254.624503677688,1747.46054371957,-0.000634499004734787
-164.931835257669,1795.20162219753,-0.00064361742991557
-185.284106533674,1676.69231592502,0.00038297056052532
15.1651917057271,1570.72323042255,0.000554637469025393
-59.296430391223,1510.42243312914,0.00033335187145773
-133.758052488173,1450.12163583573,0.000112066273890067
-85.0594574139733,1623.70777317378,0.000468804014775356
-159.521079510923,1563.40697588037,0.000247518417207694
-46.771687353306,1863.56523245468,-0.00133805592036676
51.036189275052,1813.41953643933,-0.00100590642037706
-67.1239586293108,1745.05592618218,-0.00031146792992587
33.1006904903896,1692.07138343094,-0.000225634475675833
-372.035324465266,1430.28448743621,-2.67145975417572E-05
-309.784918488069,1512.42043026581,0.000109847121813935
-247.534512510871,1594.55637309542,0.000246408841169628
-284.021891465318,1399.13509022117,-2.56050215036914E-05
-221.771485488121,1481.27103305077,0.000110956697852001
-196.00845846537,1367.98569300612,-2.44954454656256E-05
-454.491116748314,1665.72035169002,0.000590754675526012
-364.755446676767,1669.37767310169,0.000521493303859115
-275.019776605221,1673.03499451335,0.000452231932192217
-427.005852653965,1587.24173027208,0.000384931584503422
-337.270182582418,1590.89905168375,0.000315670212836525
-399.520588559615,1508.76310885415,0.000179108493480832
-434.095843820782,1740.14590089624,-0.000495976261400993
-413.70057089325,1814.57145010246,-0.001582707198328
-344.360173749235,1743.80322230791,-0.00056523763306789
-294.714185554143,815.13471140644,-5.70577158507635E-06
-223.362041540717,895.322559923151,-1.32421051199035E-06
-152.00989752729,975.510408439861,3.05735056109566E-06
-203.15164660511,785.345792708625,-2.16752590214857E-07
-131.799502591684,865.533641225336,4.16480848287115E-06
-111.589107656078,755.556874010811,5.27226640464664E-06
49.4809035771983,884.816860128998,1.22056442993433E-05
-31.05410203944,820.186867069904,8.73895535199498E-06
-51.264496975046,930.163634284429,7.63149743021948E-06
-122.666649486045,1216.39433334067,-1.45714627646746E-05
-25.2796312186145,1163.51721810622,1.49978521915642E-05
72.1073870488162,1110.64010287176,4.4567167147803E-05
-137.338273506668,1095.95237089027,-5.75705610178949E-06
-39.951255239237,1043.07525565581,2.38122588544493E-05
60.7941453130072,997.728481500379,2.83864057235731E-05
-447.124852350906,965.390611990834,-6.31623268126478E-06
-420.10534475646,888.576028957133,-7.57326600689731E-06
-393.085837162015,811.761445923431,-8.83029933252983E-06
-509.696015257292,919.046076904558,-9.06508701340176E-06
-482.676507662847,842.231493870857,-1.03221203390343E-05
-572.267178163679,872.701541818283,-1.18139413455387E-05
-348.753200743034,968.763877473843,-3.1917049338113E-06
-250.381549135162,972.137142956852,-6.71771863578237E-08
-321.733693148588,891.949294440141,-4.44873825944383E-06
-506.109063566642,1007.05061991183,6.7704628187235E-06
-568.680226473029,960.706084825558,4.02160848658653E-06
-631.251389379415,914.361549739283,1.27275415444955E-06
-565.093274782378,1048.71062783283,1.98571583187118E-05
-627.664437688765,1002.36609274656,1.71083039865748E-05
-624.077485998114,1090.37063575383,0.0000329438538187001
-859.999999999971,811.111111111111,6.10723114085324E-05
-859.999999999971,888.888888888889,5.08418682793315E-05
-859.999999999971,966.666666666667,4.06114251501306E-05
-784.946113690002,842.119002244002,3.24504613367294E-05
-784.946113690002,919.89678002178,2.22200182075285E-05
-709.892227380034,873.126893376894,3.82861126492638E-06
-706.305275689384,961.131436384169,1.96641610970516E-05
-781.359161999352,1007.90132302906,3.80555680396537E-05
-702.718323998733,1049.13597939145,3.54997109291769E-05
-859.999999999971,1200,5.35309295095082E-05
-781.359161999352,1163.45687858461,4.66685709459055E-05
-702.718323998733,1126.91375716922,3.98062123823028E-05
-859.999999999971,1122.22222222222,4.92244280563823E-05
-781.359161999352,1085.67910080683,4.23620694927796E-05
-859.999999999971,1044.44444444444,4.49179266032564E-05
-624.150285133132,1305.62408889053,-6.3511272690315E-05
-624.126018754793,1233.87293784496,-3.13595638539767E-05
-624.101752376454,1162.1217867994,7.92144982361717E-07
-702.766856755412,1270.41605926035,-2.4497205290374E-05
-702.742590377073,1198.66490821479,7.65450354596441E-06
-781.383428377691,1235.20802963018,1.45168621095671E-05
-541.90490866983,1120.54752243294,2.32388425450221E-05
-541.929175048169,1192.2986734785,-8.91286629131627E-06
-541.953441426508,1264.04982452407,-4.10645751276546E-05
-459.732331341545,1150.72440911205,1.35338312713441E-05
-459.756597719884,1222.47556015761,-1.86178775649943E-05
-377.55975401326,1180.90129579115,3.82881999766611E-06
-423.936486238357,1037.22750659094,-2.93454845495448E-06
-482.920697454093,1078.88751451194,1.01521470450338E-05
-400.748120125809,1109.06440119105,4.47135771355815E-07
-375.718277497262,1264.0290263395,-6.35231918214166E-06
-457.915121203886,1305.60329070596,-2.8799016744802E-05
-540.11196491051,1347.17755507242,-5.12457143074624E-05
-373.876800981264,1347.15675688786,-1.65334583619494E-05
-456.073644687888,1388.73102125431,-3.89801559246098E-05
-325.564834630485,1040.60077207395,1.89979292498995E-07
-302.376468517937,1112.43766667406,3.57166351880929E-06
-227.193183022613,1043.97403755696,3.31450703995247E-06
-285.863367981316,1316.00735967281,-1.54238823238836E-05
-197.849934981369,1284.85796245777,-1.43143062858178E-05
-287.704844497314,1232.87962912446,-5.24274314407585E-06
-212.521559001991,1164.41600000737,-5.49989962293267E-06
-629.469796315918,1931.28745656702,0.000190333913169564
-551.419098993589,1893.46022670499,-0.000674680345382082
-473.36840167126,1855.63299684295,-0.00153969460393373
-631.482202699132,1860.09622423927,0.000455063185939191
-553.431505376803,1822.26899437723,-0.000409951072612455
-633.494609082346,1788.90499191151,0.000719792458708818
-514.158947526325,1706.78189843052,0.000633767269920281
-573.826778304335,1747.84344517101,0.000676779864314549
-493.763674598793,1781.20744763674,-0.000452963667006724
-629.239245032507,1378.4674791388,-4.28640159742714E-05
-634.328204931882,1451.31086938707,-2.22167592582278E-05
-639.417164831257,1524.15425963535,-1.56950254218423E-06
-545.200924809885,1420.02094532069,-3.05984575914188E-05
-550.28988470926,1492.86433556897,-9.95120087537522E-06
-461.162604587263,1461.57441150259,-1.83328992085662E-05
-516.133132775962,1618.53165433846,0.000393313282836613
-577.775148803609,1571.3429569869,0.000195871890147214
-575.800963553972,1659.59320107896,0.000436325877230882
-637.44297958162,1612.4045037274,0.000238884484541483
-635.468794331983,1700.65474781945,0.00047933847162515
-488.647868681612,1540.05303292053,0.000187490191814024
-859.999999999971,1277.77777777778,5.35375416785208E-07
-859.999999999971,1355.55555555556,-5.24601786759378E-05
-859.999999999971,1433.33333333333,-0.000105455732768661
-781.383428377691,1312.98580740795,-3.84786919831559E-05
-781.383428377691,1390.76358518573,-9.14742460758788E-05
-702.766856755412,1348.19383703813,-7.74927593830969E-05
-712.944776554161,1493.88061753468,-3.61982459510097E-05
-707.855816654787,1421.0372272864,-5.68455026670533E-05
-786.472388277066,1463.606975434,-7.08269893598352E-05
-859.999999999971,1511.11111111111,-0.000244364917631121
-859.999999999971,1588.88888888889,-0.000383274102493581
-859.999999999971,1666.66666666667,-0.000522183287356042
-786.472388277066,1541.38475321178,-0.000209736174222296
-786.472388277066,1619.16253098956,-0.000348645359084756
-712.944776554161,1571.65839531245,-0.00017510743081347
-784.498203027429,1707.41277508161,-0.000108191372001089
-708.996406054887,1748.15888349656,0.000305800543353865
-710.970591304524,1659.90863940451,6.53465562701973E-05
-859.999999999971,2911.11111111111,0.0253878972289215
-859.999999999971,2988.88888888889,0.0431712185788059
-859.999999999971,3066.66666666667,0.0609545399286902
-787.433995967493,2944.74571182106,0.0298717857125218
-787.433995967493,3022.52348959884,0.0476551070624061
-714.867991935016,2978.38031253101,0.034355674196122
-859.999999999971,3144.44444444445,0.0348736933778727
-859.999999999971,3222.22222222222,0.00879284682705528
-785.805768065752,3105.31708687081,0.0143786989100163
-785.805768065752,3183.09486464858,-0.0117021476408011
-711.611536131534,3143.96750707494,-0.0321971421086576
-713.239764033275,3061.17390980298,0.00107926604373223
-859.999999999971,1900,-0.000389705057444696
-784.498203027429,1862.96833063717,-1.98725520601913E-05
-708.996406054887,1825.93666127434,0.000349959953324313
-859.999999999971,1822.22222222222,-0.000433864467415144
-784.498203027429,1785.19055285939,-6.40319620306399E-05
-859.999999999971,1744.44444444444,-0.000478023877385593
-706.983999671674,1897.1278936021,8.52306805546863E-05
-782.485796644215,1934.15956296493,-0.000284601824829818
-704.971593288459,1968.31912592985,-0.000179498592214941
-859.999999999971,1977.77777777778,-0.000414917214762379
-859.999999999971,2055.55555555555,-0.000440129372080062
-859.999999999971,2133.33333333333,-0.000465341529397746
-782.485796644215,2011.9373407427,-0.000309813982147502
-782.485796644215,2089.71511852048,-0.000335026139465185
-704.971593288459,2046.09690370763,-0.000204710749532624
-713.523677416302,2195.88991567887,0.000125625969113008
-709.247635352381,2120.99340969325,-3.95423902098079E-05
-786.761838708136,2164.6116245061,-0.000169857780142369
-859.999999999971,2211.11111111111,-0.000614658969041111
-859.999999999971,2288.88888888889,-0.000763976408684476
-859.999999999971,2366.66666666667,-0.000913293848327842
-786.761838708137,2242.38940228388,-0.000319175219785734
-786.761838708137,2320.16718006166,-0.0004684926594291
-713.523677416302,2273.66769345665,-2.36914705303573E-05
-859.999999999971,2522.22222222222,-0.00381420729550952
-784.703982696137,2485.19186100381,-0.00051804853834025
-709.407965392304,2448.16149978539,0.00277811021882902
-859.999999999971,2444.44444444445,-0.00236375057191868
-784.703982696138,2407.41408322603,0.000932408185250588
-711.465821404303,2360.91459662102,0.00137720937414933
