% Model:              HG36,0_completo_setoresRadiado,r_F7_30mm_ext_EspFontesCruz01_Seg_Sig_Teste3.mph
% Version:            COMS,OL 5.5.0.292,
% Date:               Dec,"14 2024, 11:39",
% Dimension:          2,,
% Nodes:              1108,,
% Expressions:        1,,
% Description:        Surf,ace,
% surf3x,surf3y,Color
860.000000000112,3766.66666666667,-0.11479328200694
805.963369897787,3786.09512777438,-0.0924391854050602
751.926739795462,3805.52358888209,-0.0700850888031808
697.890109693137,3824.95204998979,-0.0477309922013014
860.000000000121,3844.44444444444,-0.0315104651190672
805.963369897796,3863.87290555215,-0.00915636851718775
751.92673979547,3883.30136665986,0.0131977280846917
860.00000000013,3922.22222222222,0.0517723517688053
805.963369897804,3941.65068332993,0.0741264483706847
860.000000000138,4000,0.135055168656678
678.587484135646,3642.23411779801,0.0150766155481626
739.058322757135,3683.71163408756,-0.0282133503035381
799.529161378624,3725.18915037712,-0.0715033161552389
739.058322757135,3605.93385630979,-0.0703690869833632
799.529161378624,3647.41137259934,-0.113659052835064
860.000000000112,3688.88888888889,-0.156949018686765
799.529161378624,3569.63359482156,-0.155814789514889
860.000000000112,3611.11111111111,-0.19910475536659
860.000000000112,3533.33333333333,-0.241260492046415
691.455901173973,3764.04607259253,-0.0267951229514801
745.492531276299,3744.61761148483,-0.0491492195533595
685.02169265481,3703.14009519527,-0.00585925370165871
689.915685876393,-41.364002537497,0.211594509177338
746.610457250967,-16.4648905805536,-0.133581198737234
803.30522862554,8.43422137638986,-0.478756906651807
860.000000000113,33.3333333333333,-0.82393261456638
746.610457250973,-94.2426683583313,0.0340822834527444
803.305228625546,-69.3435564013879,-0.311093424461828
860.000000000119,-44.4444444444445,-0.656269132376401
803.305228625552,-147.121334179166,-0.14342994227185
860.000000000125,-122.222222222222,-0.488605650186422
860.000000000131,-200,-0.320942167996444
665.422851311177,-94.2426683583313,0.18112104148054
722.117622685756,-147.121334179166,0.00360881575594627
778.812394060335,-200,-0.173903409968648
640.93001674596,-147.121334179166,0.150647573783742
697.624788120539,-200,-0.0268646519408518
616.437182180743,-200,0.120174106086944
622.416883344499,4000,0.0196663400609244
701.611255563045,4000,0.0581292829261755
780.805627781592,4000,0.0965922257914266
647.574625460711,3941.65068332993,-0.00279943735981756
726.768997679258,3941.65068332993,0.0356635055054336
672.732367576924,3883.30136665986,-0.0252652147805595
860.000000000113,500,-1.05028768730714
860.000000000113,422.222222222222,-1.10690229834689
860.000000000113,344.444444444444,-1.16351690938664
860.000000000113,266.666666666667,-1.22013152042638
784.470624275448,463.492748705343,-0.630026914920762
784.470624275448,385.714970927566,-0.686641525960509
784.470624275448,307.937193149788,-0.743256137000256
708.941248550783,426.985497410687,-0.20976614253438
708.941248550783,349.207719632909,-0.266380753574127
633.411872826119,390.47824611603,0.210494629852002
793.543381335564,68.8407518025634,-0.506262330929508
727.086762671016,104.348170271793,-0.188592047292636
660.630144006467,139.855588741024,0.129078236344236
860.000000000113,111.111111111111,-0.955998916519715
793.543381335564,146.618529580341,-0.638328632882843
727.086762671016,182.125948049571,-0.320658349245971
860.000000000113,188.888888888889,-1.08806521847305
793.543381335564,224.396307358119,-0.770394934836178
651.557386946351,223.396474532693,0.156217034180158
642.484629886235,306.937360324361,0.18335583201608
718.014005610899,265.66683384124,-0.293519551410049
680.153838586418,19.0425278886765,0.184089084899638
670.391991296443,79.4490583148501,0.156583660621937
736.848609960991,43.94163984562,-0.161086623014935
626.639424946975,3813.98059379083,-0.0288924162255124
555.388740200814,3803.00913759186,-0.0100538402497235
484.138055454652,3792.0376813929,0.00878473572606544
601.481682830763,3872.3299104609,-0.00642663880477053
530.230998084601,3861.35845426193,0.0124119371710184
576.32394071455,3930.67922713096,0.0160391386159714
620.205216427812,3753.07461639357,-0.0079565469756911
613.771007908648,3692.16863899631,0.0129793222741302
548.95453168165,3742.1031601946,0.0108820290000978
860.000000000112,2833.33333333333,-1.36674264117044
786.863877970397,2862.17687338316,-0.795064678401761
713.727755940682,2891.02041343299,-0.223386715633083
640.591633910966,2919.86395348282,0.348291247135594
860.000000000112,2911.11111111111,-1.33953472627883
786.863877970397,2939.95465116094,-0.767856763510151
713.727755940682,2968.79819121077,-0.196178800741473
860.000000000112,2988.88888888889,-1.31232681138722
786.863877970397,3017.73242893872,-0.740648848618541
860.000000000112,3066.66666666667,-1.28511889649561
860.000000000113,2600,-1.85057959229629
786.747737811832,2638.10193872291,-1.13729603974713
713.495475623551,2676.20387744583,-0.424012487197964
640.24321343527,2714.30581616874,0.289271065351198
860.000000000113,2677.77777777778,-1.68930060858767
786.747737811832,2715.87971650069,-0.976017056038509
713.495475623551,2753.9816552236,-0.262733503489348
860.000000000112,2755.55555555556,-1.52802162487905
786.747737811832,2793.65749427847,-0.814738072329893
640.475493752401,2851.34457437812,0.328617853207462
713.611615782116,2822.5010343283,-0.243060109561215
640.359353593835,2782.82519527343,0.30894445927933
860.000000000113,2366.66666666667,-1.05875478779934
788.579595876995,2399.37407471186,-0.108271563103912
717.159191753878,2432.08148275705,0.842211661591513
645.73878763076,2464.78889080223,1.79269488628694
860.000000000113,2444.44444444444,-1.32269638929832
788.579595876995,2477.15185248963,-0.372213164602895
717.159191753878,2509.85926053482,0.57827006009253
860.000000000113,2522.22222222222,-1.5866379907973
788.579595876995,2554.92963026741,-0.636154766101879
642.075071500433,2631.13350771324,0.790412338996444
715.327333688714,2593.03156899032,0.0771287864472829
643.906929565597,2547.96119925774,1.29155361264169
860.000000000112,2133.33333333333,-0.725587277987969
783.532498935104,2169.38983106291,-0.539223262093835
707.064997870096,2205.44632879248,-0.3528592461997
630.597496805088,2241.50282652206,-0.166495230305565
860.000000000113,2211.11111111111,-0.836643114591758
783.532498935104,2247.16760884069,-0.650279098697624
707.064997870096,2283.22410657026,-0.463915082803489
860.000000000113,2288.88888888889,-0.947698951195547
783.532498935104,2324.94538661846,-0.761334935301412
640.69169068887,2390.36020270884,1.13963151408944
712.112094811987,2357.65279466365,0.189148289394012
635.644593746979,2315.93151461545,0.486568141891936
860.000000000113,3300,-0.617757739281579
790.179887290276,3334.52374014413,-0.407116643546207
720.359774580439,3369.04748028826,-0.196475547810835
650.539661870602,3403.57122043239,0.0141655479245374
860.000000000113,3377.77777777778,-0.492258656869858
790.179887290276,3412.30151792191,-0.281617561134486
720.359774580439,3446.82525806604,-0.0709764653991134
860.000000000112,3455.55555555556,-0.366759574458136
790.179887290276,3490.07929569969,-0.156118478722764
669.238210047298,3562.67981867614,0.0147729263402875
729.709048668787,3526.37955718791,-0.0706727761912383
659.88893595895,3483.12551955427,0.0144692371324124
784.186666798268,3103.75595514246,-0.777651832393884
708.373333596424,3140.84524361825,-0.270184768292159
632.56000039458,3177.93453209403,0.237282295809567
860.000000000113,3144.44444444445,-1.06266517742427
784.186666798268,3181.53373292023,-0.555198113322541
708.373333596424,3218.62302139602,-0.0477310492208155
860.000000000113,3222.22222222222,-0.840211458352923
784.186666798268,3259.31151069801,-0.332744394251197
644.546441378595,3328.35899098627,0.0885377972195471
714.366554088432,3293.83525084214,-0.122103298515825
638.553220886588,3253.14676154015,0.162910046514557
635.237211566709,3091.9110058903,0.274285279584909
711.050544768553,3054.82171741451,-0.233181784516816
637.914422738838,3005.88747968656,0.311288263360252
474.058770771488,3566.47042128436,0.0407842253794371
542.235008559541,3591.72498678891,0.0322150221023456
610.411246347593,3616.97955229346,0.0236458188252541
532.885734471192,3512.17068766704,0.0319113328944706
601.061972259245,3537.42525317159,0.023342129617379
591.712698170897,3457.87095404972,0.0230384404095039
477.418532332543,3641.65950798721,0.0301177288283132
480.778293893597,3716.84859469005,0.0194512322771893
545.594770120595,3666.91407349176,0.0215485255512217
615.053826029077,-31.9179002223094,0.130625158521591
590.560991463861,-84.7965660431437,0.100151690824793
566.068156898644,-137.675231863978,0.0696782231279947
540.191966181761,-22.4717979071218,0.0496558078658434
515.699131616545,-75.3504637279562,0.0191823401690453
465.330106334445,-13.0256955919343,-0.0313135427899041
605.291978739102,28.4886302038641,0.10311973424389
530.430118891786,37.9347325190517,0.0221503835881426
595.530131449126,88.8951606300376,0.0756143099661893
418.72941839726,-75.3504637279562,-0.0175105681391328
469.098443679359,-137.675231863978,0.0329853148198166
519.467468961459,-200,0.083481197778766
372.128730460075,-137.675231863978,-0.00370759348836154
422.497755742174,-200,0.0467882894705878
325.52804252289,-200,0.0100953811624097
860.000000000113,733.333333333333,-0.894764580951543
860.000000000113,655.555555555555,-0.94660561640341
860.000000000113,577.777777777778,-0.998446651855277
785.650935238896,702.807991699567,-0.560232691959564
785.650935238896,625.030213921789,-0.612073727411431
785.650935238896,547.252436144011,-0.663914762863298
711.30187047768,672.2826500658,-0.225700802967585
711.30187047768,594.504872288022,-0.277541838419452
636.952805716463,641.757308432033,0.108831086024394
634.592183789567,474.237933554698,0.176606781909466
635.772494753015,557.997620993366,0.14271893396693
710.121559514231,510.745184849355,-0.243653990476916
457.182175295785,531.951029206343,0.149449219394301
517.105718769344,568.553122281573,0.135909841604332
577.029262242904,605.155215356803,0.122370463814363
515.925407805896,484.793434842906,0.169797689546868
575.848951279456,521.395527918136,0.156258311756899
574.668640316007,437.635840479468,0.190146159699435
785.88991157333,966.666666666667,-0.890224802751566
711.779823146548,998.8186380882,-0.734555980004417
637.669734719766,1030.97060950973,-0.578887157257269
860.000000000113,1063.12258093127,-0.42321833451012
785.88991157333,1044.44444444444,-1.14835843273053
711.779823146548,1076.59641586598,-0.992689609983382
860.000000000113,1108.74838728751,-0.837020787236233
785.88991157333,1122.22222222222,-1.40649206270949
860.000000000113,1154.37419364376,-1.25082323996235
637.191782050897,1200,-1.66462569268846
637.430758385331,771.107846778779,-0.632183696091427
711.540846812114,808.882360224224,-0.369602811231312
789.163964874271,846.656873669669,-0.107021926371196
718.327929748429,811.111111111111,-0.893251321551551
647.491894622587,848.885624556556,-0.630670436691435
860.000000000113,886.660138002002,-0.368089551831319
789.163964874271,888.888888888889,-0.891738062151559
718.327929748429,926.663402334334,-0.629157177291443
860.000000000112,990.967345177401,-0.317819531797145
789.163964874271,958.815373755868,-0.473488354544294
860.000000000112,918.812109423535,-0.212420729084171
644.217841321647,710.057163511245,0.0368800818925303
715.053876447488,778.357018590457,-0.0350709222393329
640.943788020706,740.582505145012,-0.297651807099449
435.295050213916,3861.35845426193,0.00486086498631522
386.452044973179,3930.67922713096,0.000936994246564987
337.609039732443,4000,-0.00298687649318524
481.387992843865,3930.67922713096,0.00848806643126818
432.544987603128,4000,0.00456419569151796
527.480935473813,4000,0.0121152678762212
541.059956802485,351.646411597012,0.154747074823072
550.132713862601,268.105525805343,0.12760827698715
559.205470922717,184.564640013674,0.100469479151228
448.70804077885,312.814577077993,0.0989995197941428
457.780797838966,229.273691286324,0.0718607219582209
356.356124755216,273.982742558974,0.0432519647652133
423.573491782262,445.961600323887,0.114050134517939
482.316724292373,398.804005960449,0.134398604670505
389.964808268739,359.972171441431,0.0786510496415759
429.005445808035,82.6437837917019,-0.00645837360486493
392.680785281626,178.313263175338,0.0183967955801742
494.105458365376,133.604211902688,0.0470055527731818
445.609064000265,3036.42848211356,-0.158393152847882
507.92604279837,3083.59716544039,-0.0265013366287324
570.243021596475,3130.76584876721,0.105390479590417
510.603253970499,2997.57363923665,0.0105016471466102
572.920232768604,3044.74232256347,0.14239346336576
575.597443940733,2958.71879635973,0.179396447141102
281.108633738866,3888.31462943009,0.0127494942802287
224.608227745289,3776.62925886017,0.0284858650536426
168.107821751712,3664.94388829026,0.0442222358270565
223.811550875689,4000,0.0027786754844682
167.311144882112,3888.31462943009,0.0185150462578821
110.810738888535,3776.62925886017,0.034251417031296
110.014062018935,4000,0.00854422746212163
53.5136560253579,3888.31462943009,0.0242805982355355
-3.78342683781915,4000,0.0143097794397751
378.794644220339,3749.67308369202,0.0205972357597291
273.451232986026,3707.30848599114,0.0324097357933928
329.951638979602,3818.99385656105,0.0166733650199789
372.075121098229,3599.29491028633,0.0419302288619769
270.091471424971,3632.11939928829,0.0430762323445167
375.434882659284,3674.48399698917,0.031263732310853
860.000000000113,1666.66666666667,0.620770222185597
787.574012542098,1699.67087760723,-0.675269597231876
715.148025084083,1732.67508854779,-1.97130941664935
642.722037626068,1765.67929948836,-3.26734923606682
860.000000000113,1744.44444444444,0.201578638517072
787.574012542098,1777.44865538501,-1.0944611809004
715.148025084083,1810.45286632557,-2.39050100031788
860.000000000112,1822.22222222222,-0.217612945151454
787.574012542097,1855.22643316278,-1.51365276456893
860.000000000112,1900,-0.63680452881998
860.000000000112,1433.33333333333,-0.46488465518991
860.000000000113,1468.02863979824,-1.22998683601461
860.000000000113,1502.72394626315,-1.99508901683931
785.402027888375,1537.41925272806,-2.76019119766401
785.402027888375,1511.11111111111,-0.102999696064741
785.402027888375,1545.80641757602,-0.86810187688944
710.804055776638,1580.50172404093,-1.63320405771414
710.804055776638,1588.88888888889,0.258885263060428
636.206083664901,1623.5841953538,-0.506216917764271
714.565992762534,1689.59261723492,-3.09829655659922
643.729957636692,1656.58840629436,-1.80225673718174
639.968020650796,1613.50593498149,-2.92924387713161
782.711344159192,1355.55555555556,-0.864798334356093
705.422688318271,1277.77777777778,-1.26471201352228
628.134032477351,1394.6619639784,0.33118697492237
860.000000000113,1316.88418620062,-0.0687267042438135
782.711344159192,1239.10640842284,-0.468640383409997
705.422688318271,1355.99059462346,1.12725860503465
860.000000000113,1278.21281684569,0.727344925868466
782.711344159192,1317.31922526853,1.92333023514693
637.859369243162,1390.68590108837,0.36215642420995
710.285356701177,1464.05257690821,-1.19901738672703
632.996700860256,1429.35727044331,-0.43391520590233
633.515399935718,1193.4806020666,-0.0548379306838834
630.824716206534,1147.85479571035,0.35896452204223
708.113372047455,1232.58701048944,1.14114737859458
559.505855040644,2887.09995214786,0.704415897840673
559.389714882078,2818.58057304317,0.684742503912541
559.273574723513,2750.06119393848,0.665069109984409
478.420076170321,2854.33595081291,1.06054054854575
478.303936011756,2785.81657170821,1.04086715461762
397.334297299999,2821.57194947795,1.41666519925083
429.517475100177,2964.80963790169,0.366626297851689
494.51166507041,2925.95479502478,0.535521097846181
413.425886200088,2893.19079368982,0.89164574855126
475.278998311027,2590.41209008663,1.32089603600431
530.267070019108,2631.70999878066,0.977021045786605
585.255141727189,2673.0079074747,0.633146055568901
532.098928084271,2548.53769032516,1.47816231943185
587.086999792352,2589.8355990192,1.13428732921415
588.918857857516,2506.6632905637,1.63542860285939
449.297431307351,2667.4653765504,1.35281909041982
423.315864303675,2744.51866301418,1.38474214483532
504.285503015432,2708.76328524444,1.00894410020211
784.671187012122,1938.58437006733,-0.958506476573895
709.342374024131,1977.16874013466,-1.28020842432781
634.01356103614,2015.75311020199,-1.60191037208172
860.000000000112,1977.77777777778,-0.666398778542643
784.671187012122,2016.36214784511,-0.988100726296558
709.342374024131,2054.94651791244,-1.30980267405047
860.000000000112,2055.55555555556,-0.695993028265306
784.671187012122,2094.13992562288,-1.01769497601922
631.736184882106,2166.25292108204,-0.644966944230951
708.203685947114,2130.19642335246,-0.831330960125086
632.874872959123,2091.00301564201,-1.12343865815634
636.916386566116,1932.39517329744,-2.15705666007676
712.245199554107,1893.81080323011,-1.83535471232284
639.819212096092,1849.0372363929,-2.71220294807179
472.02169392711,1887.05047534606,-3.13868032489865
526.018982963453,1929.95135363137,-2.62642367395968
580.016271999797,1972.85223191668,-2.1141670230207
528.921808493429,1846.59341672682,-3.18156996195471
582.919097529772,1889.49429501213,-2.66931331101573
585.821923059748,1806.13635810759,-3.22445959901077
550.837515465163,2278.82050031252,-2.61066521750673
467.661469894185,2316.13817410298,-5.05483520470791
384.485424323207,2353.45584789344,-7.49900519190907
549.698827388145,2353.24918840591,-1.95760184530923
466.522781817168,2390.56686219637,-4.4017718325104
548.560139311128,2427.6778764993,-1.30453847311173
442.842937392476,2511.42667602223,-1.61907103996682
413.664180857842,2469.55227626077,-1.46180475653928
496.840226428819,2432.44126195784,-4.55903811593795
551.8908601219,2047.51131866141,0.359691550245784
473.184223438712,2079.26952712083,2.32129347257329
394.477586755524,2111.02773558025,4.2828953949008
556.937957063791,2122.76122410143,0.838163264171171
478.231320380603,2154.51943256085,2.79976518649868
561.985054005682,2198.01112954146,1.31663497809656
448.345194459193,2272.64647712238,-3.57170499630578
505.165124232437,2235.32880333192,-1.12753500910461
421.411390607358,2191.83710635132,0.355595199297509
391.146865944752,1961.70956209079,-0.664821751632168
469.85350262794,2036.36864883552,1.80903682163432
387.81614513398,2004.6104403761,-0.152565100693192
545.841626031828,3374.41239329544,-0.0380535399767973
539.848405539821,3299.20016384933,0.0363187093182124
533.855185047813,3223.98793440321,0.110690958613222
441.143590193054,3345.2535661585,-0.090272627878132
435.150369701047,3270.04133671238,-0.0159003785831222
336.44555435428,3316.09473902155,-0.142491715779467
428.187698632418,3483.01186053009,-0.0203077550068641
487.014662332123,3428.71212691277,-0.0291806474918307
382.316626493349,3399.55329977582,-0.0813997353931654
326.20404895916,3515.83634953206,-0.0191617515243243
280.332976820091,3432.37778877778,-0.0802537319106256
224.220399285901,3548.66083853402,-0.0180157480417846
409.221227451604,3129.65056774956,-0.153092673825077
372.833390902942,3222.87265338555,-0.147792194802272
471.538206249708,3176.81925107638,-0.0212008576059273
272.114824498708,-122.744271338006,-0.00276874445785958
218.701606474527,-45.4885426760117,-0.0156328700781289
165.288388450346,31.7671859859825,-0.0284969956983982
318.715512435894,-60.4195032019839,-0.0165717191086308
265.302294411712,16.8362254600102,-0.0294358447289001
365.316200373079,1.90526493403799,-0.0303746937594021
328.991539846669,97.5747443176742,-0.00551952457436297
228.977633885303,112.505704843646,-0.004580675543861
292.666879320259,193.24422370131,0.0193356446106762
110.259781999235,-45.4885426760117,0.00245888847210599
163.673000023416,-122.744271338006,0.0153230140923753
217.086218047597,-200,0.0281871397126446
55.2311755481232,-122.744271338006,0.0334147726426101
108.644393572304,-200,0.0462788982628794
0.202569097011725,-200,0.0643706568131143
562.221876399892,672.941466174466,0.00523395541594587
487.490947083322,704.125623916898,-0.0983631751925018
412.760017766751,735.309781659331,-0.20196030580095
562.460852734327,741.241321253678,-0.0667170487159174
487.729923417756,772.42547899611,-0.170314179324365
562.699829068761,809.54117633289,-0.138668052847781
442.374789452774,599.737280024006,0.0323127109958842
427.567403609762,667.523530841668,-0.0848237974025326
502.298332926333,636.339373099236,0.0187733332059151
372.245833111984,540.590348927502,0.0690553633742412
287.309490928182,549.229668648661,-0.0113384926458187
202.373148744381,557.86898836982,-0.0917323486658786
357.438447268972,608.376599745165,-0.0480811450241757
272.502105085171,617.015919466324,-0.128475001044236
342.631061425961,676.162850562827,-0.165217653422593
338.637149598461,454.600920045046,0.0336562784978786
305.028466084938,368.61149116259,-0.00174280637848399
253.700807414659,463.240239766205,-0.0467375775221813
469.580434822467,1187.66802853024,2.69111368734705
525.122317769945,1230.88509410967,2.43518586994701
580.664200717423,1274.1021596891,2.17925805254697
528.88425475584,1146.15287933058,1.65300301339466
584.426137703318,1189.36994491001,1.39707519599462
588.188074689214,1104.63773013093,0.61489233944227
558.691225069957,885.35576939126,0.235503219263105
479.712715420148,924.05466511285,0.578028364897406
400.734205770339,962.753560834441,0.920553510531707
561.965278370897,957.511005145126,0.130104416550131
482.986768721088,996.209900866716,0.472629562184432
565.239331671837,1029.66624089899,0.024705613837156
446.631691805091,1112.69653929831,2.10092696174193
505.935511738464,1071.18139009865,1.06281628778955
423.682948787715,1037.72505006638,1.51074023613682
408.751413767947,811.124374717701,0.172210966309936
404.742809769143,886.938967776071,0.546382238420822
483.721319418952,848.24007205448,0.203857092786521
-175.366632165772,3724.30704412489,0.0148821932432544
-229.634969039147,3816.20469608326,-0.000243950826384259
-283.903305912521,3908.10234804163,-0.0153700948960229
-338.171642785895,4000,-0.0304962389656616
-118.172230389788,3816.20469608326,0.0146913886420946
-172.440567263162,3908.10234804163,-0.000434755427544034
-226.708904136537,4000,-0.0155608994971827
-60.9778286138035,3908.10234804163,0.0145005840409348
-115.246165487178,4000,-0.000625560028703809
-60.8751475266109,3704.51932551335,0.0246622074378551
-3.68074575062648,3796.41697747172,0.0244714028366953
53.6163371125506,3684.7316069018,0.0344422216324558
99.6399375836874,128.529269250587,-0.013998838464831
33.9914867170288,225.291352515192,0.000499318768736086
-31.6569641496298,322.053435779797,0.0149974760023032
163.329183018644,209.267788108251,0.00991748168970612
97.6807321519855,306.029871372856,0.0244156389232733
227.018428453601,290.006306965915,0.0338338018442433
124.363111113044,479.263804173146,-0.0561557404431513
175.690769783322,384.635055569531,-0.011160969299454
46.3530734817072,400.658619976471,-0.0205791322204241
-56.5910214059812,-125.110676997304,0.0249351219298213
-113.384611908974,-50.2213539946076,-0.0145004129534717
-170.178202411967,24.6679690080887,-0.0539359478367647
-1.56241495486974,-47.8549483353096,-0.00602076224068285
-58.3560054578626,27.0343746673866,-0.0454562971239758
53.4661914962417,29.4007803266845,-0.036976646411187
-124.004456324521,123.796457931991,-0.0309581398904087
-77.8307102370755,222.924946855894,-0.00798033194405275
-12.1822593704169,126.162863591289,-0.0224784891776199
-243.750625972674,93.1242483050324,-0.0220017559348685
-317.323049533381,161.580527601976,0.0099324359670277
-390.895473094088,230.03680689892,0.0418666278689239
-197.576879885228,192.252737228935,0.000976052011487474
-271.149303445935,260.709016525879,0.0329102439133837
-151.403133797782,291.381226152838,0.0239538599578434
-355.801670061731,499.874996943868,-0.092845446219673
-247.753434757697,440.601143222511,-0.0568978054790143
-139.705199453663,381.327289501154,-0.0209501647383555
-367.49960440585,409.928933595552,-0.047941421523474
-259.451369101816,350.655079874195,-0.0119937807828153
-379.197538749969,319.982870247236,-0.00303739682727507
-417.618714948556,150.464539292905,0.0264906333252912
-344.046291387849,82.0082599959616,-0.00544355857660501
-270.473867827142,13.5519806990178,-0.0373777504785012
-444.341956803025,70.8922716868907,0.0111146387816585
-370.769533242318,2.43599238994695,-0.0208195531202377
-471.065198657493,-8.67999591912393,-0.00426135576197427
-221.462629447733,-50.2213539946075,-0.0418230008527353
-164.66903894474,-125.110676997304,-0.0023874659694423
-107.875448441747,-200,0.0370480689138507
-272.747056483498,-125.110676997304,-0.0297100538687059
-215.953465980505,-200,0.00972548101458709
-324.031483519264,-200,-0.0175971068846765
-373.042721898674,-136.226665306375,-0.0131518565104424
-422.053960278084,-72.4533306127493,-0.00870660613620835
-321.758294862908,-61.3373423036784,-0.0252648034944718
-519.443732193912,-72.4533306127493,0.0062049463753018
-470.432493814502,-136.226665306375,0.00175969600106772
-421.421255435092,-200,-0.00268555437316636
-567.82226573033,-136.226665306375,0.0166712485125779
-518.811027350921,-200,0.0122259981383438
-616.200799266749,-200,0.0271375506498539
-535.952198836981,43.1161163346687,0.0039487450493742
-600.839199016469,94.9122285884613,0.0121588458607227
-665.726199195957,146.708340842254,0.0203689466720711
-509.228956982513,122.688383940683,0.0193247395930069
-574.115957162,174.484496194476,0.0275348404043554
-482.505715128044,202.260651546698,0.0347007341366396
-621.127759602906,378.250262838822,-0.0332993284673396
-544.383664099967,328.845777525521,-0.00824400968858511
-467.639568597027,279.44129221222,0.0168113090901694
-635.993906133923,301.069622173299,-0.0154099034208694
-559.249810630984,251.665136859998,0.00964541535788514
-650.86005266494,223.888981507777,0.00247952162560089
-455.941634252908,369.387355560537,-0.0280927156060296
-532.685729755848,418.791840873837,-0.0531480343847841
-444.243699908789,459.333418908853,-0.0729967403022285
-483.088991887493,3812.35707676138,-0.00217422136760578
-529.416694206441,3874.90471784092,0.0195793877214923
-575.744396525388,3937.45235892046,0.0413329968105904
-622.072098844336,4000,0.0630866058996885
-434.783208853627,3874.90471784092,-0.011614893900291
-481.110911172575,3937.45235892046,0.010138715188807
-527.438613491522,4000,0.0318923242779051
-386.477425819761,3937.45235892046,-0.0210555664329763
-432.805128138709,4000,0.000698042656121772
-380.514871980253,3783.00706588255,0.00351125016934761
-332.209088946387,3845.55470696209,-0.00592942236333765
-277.940752073013,3753.65705500372,0.009196721706301
-692.863064329716,3837.59970277922,-0.124743754209643
-669.266075834589,3891.73313518615,-0.062133634173199
-645.669087339463,3945.86656759307,0.000476485863244716
-622.938373515642,3829.18549410661,-0.0838872432622971
-599.341385020515,3883.31892651353,-0.0212771232258534
-553.013682701568,3820.77128543399,-0.0430307323149515
-682.686550014857,3771.74670253735,-0.085797069896987
-612.761859200783,3763.33249386473,-0.0449405589496413
-542.837168386708,3754.91828519212,-0.00408404800229562
-672.510035699997,3705.89370229547,-0.0468503855843311
-602.585344885923,3697.47949362286,-0.00599387463698546
-662.333521385138,3640.0407020536,-0.0079037012716753
-748.575376219754,3891.73313518615,0.0846790398165142
-804.287688109791,3945.86656759307,0.294101833842671
-859.999999999828,4000,0.503524627868828
-724.978387724627,3945.86656759307,0.147289159852958
-780.690699614664,4000,0.356711953879115
-701.3813992295,4000,0.209899279889402
-384.787333408042,3522.54801735183,0.058279095066048
-417.554552901192,3619.15103715501,0.0381279895881634
-450.321772394343,3715.75405695819,0.0179768841102788
-314.980432993952,3589.80102627618,0.0438134611251168
-347.747652487102,3686.40404607937,0.0236623556472322
-245.173532579862,3657.05403520054,0.0293478271841856
-569.818125392773,3600.87647381968,0.0141572308408991
-510.069948893558,3658.31526538893,0.016067057475589
-477.302729400407,3561.71224558575,0.0362181629534736
-140.930966559696,3603.11920285887,-0.0968289050492161
-26.4394819205346,3583.33148424733,-0.0870488908546154
88.0520027186269,3563.54376563578,-0.0772688766600147
-106.49530095362,3481.93136159285,-0.208540003341687
7.99618368554171,3462.14364298131,-0.198759989147086
-72.0596353475435,3360.74352032683,-0.320251101634157
-280.544767387876,3468.61318501016,-0.0678976371673536
-210.737866973786,3535.86619393452,-0.0823632711082848
-176.30220136771,3414.6783526685,-0.194074369400755
144.164580252816,3447.26071587955,-0.139506860528856
200.277157787005,3330.97766612331,-0.201744844397697
64.108761219731,3345.86059322507,-0.260997973015927
-394.002504685989,3256.56366267088,0.0551297869203341
-390.930780926673,3345.22511423119,0.0561795563022387
-387.859057167357,3433.88656579151,0.0572293256841434
-286.688214906507,3291.29028188953,-0.0699971759311629
-283.616491147191,3379.95173344985,-0.0689474065492583
-179.373925127025,3326.01690110818,-0.19512413878266
269.00554641353,3207.10277780057,0.103084341918373
201.565538472781,3098.11081657959,0.348660399616213
134.125530532031,2989.11885535862,0.594236457314053
132.837149846256,3221.98570490233,0.0438312133001433
65.3971419055065,3112.99374368136,0.289407270997983
-3.33124672101847,3236.86863200409,-0.0154219153180868
341.781219510854,3020.65860652858,0.0924833838727632
237.953375021443,3004.8887309436,0.343359920593408
305.393382962192,3113.88069216458,0.0977838628955683
309.598041710676,2877.42091810484,1.14252228527191
221.861786121354,2933.26988673173,0.868379371292979
325.689630610765,2949.03976231671,0.617502834572334
-466.269460097845,3054.60043229946,-0.306814351330867
-442.18047496056,3121.92150908993,-0.186166305247133
-418.091489823274,3189.2425858804,-0.0655182591633997
-386.70206068544,3050.69014825281,-0.220268691178718
-362.613075548154,3118.01122504328,-0.099620645094984
-338.524090410869,3185.33230183376,0.0210274009887498
-307.134661273034,3046.77986420617,-0.133723031026568
-283.045676135749,3114.10094099664,-0.0130749849428345
-227.567261860629,3042.86958015952,-0.0471773708744188
-231.209800631387,3220.05892105241,-0.104099561862747
-123.895510851905,3254.78554027106,-0.229226524714244
-175.731386356267,3148.82756021529,-0.138201947794332
-107.002997729742,3024.95267189255,0.166627238521739
-55.1671222253802,3130.91065194832,0.0756026616018259
13.5612664011448,3007.03576362559,0.380431847917896
550.808913578022,1578.46176883162,1.6308881004001
473.483794678692,1619.50428493518,6.02196739846421
396.158675779363,1660.54680103874,10.4130466965283
555.671581960927,1654.54845108505,1.46183542093249
478.346463061598,1695.59096718861,5.8529147189966
560.534250343833,1730.63513333848,1.29278274146489
446.734021211194,1811.54925057695,1.378562015577
503.634135777513,1771.09219195772,1.33567237852095
421.446348495279,1736.04802580785,5.89580435605266
553.359580355552,1345.38593432953,-1.5590964999838
470.513077046203,1373.45264339053,-5.04152323511454
387.666573736854,1401.51935245153,-8.52394997024527
550.668896626369,1418.75261014937,-3.12027031092078
467.82239331702,1446.81931921037,-6.60269704605152
547.978212897185,1492.11928596921,-4.68144412185776
393.327975098527,1574.20431817634,4.10071447427045
470.653093997856,1533.16180207278,-0.290364823793655
390.49727441769,1487.86183531393,-2.21161774798741
442.275814460596,1258.95180317067,-1.04724086518372
414.971194098725,1330.2355778111,-4.7855954177145
497.817697408074,1302.1688687501,-1.30316868258376
371.079908344592,1885.29469912953,25.5484218653319
270.138122762075,1883.53892291301,54.2355240555624
169.196337179557,1881.78314669649,82.9226262457929
341.901151809958,1959.95378587426,28.0222804385983
240.959366227441,1958.19800965774,56.7093826288289
312.722395275324,2034.612872619,30.4961390118648
345.792235628677,1809.79347436043,30.0656642058075
320.504562912761,1734.29224959133,34.5829065462832
244.850450046159,1808.03769814391,58.752766396038
366.867895716963,2589.67226941113,-1.69745609846841
258.4567931229,2588.93244873564,-4.71580823294113
150.045690528837,2588.19262806015,-7.73416036741384
340.886328713288,2666.72555587491,-1.6655330440529
232.475226119224,2665.98573519941,-4.68388517852562
314.904761709612,2743.77884233868,-1.63360998963739
339.934091865129,2510.68685534674,-4.63742317443954
313.000288013295,2431.70144128234,-7.57739025041066
231.522989271066,2509.94703467125,-7.65577530891225
227.168506120289,2799.62781096557,-1.90775290361632
144.738970529902,2721.8347038263,-4.95802809250454
139.432250530967,2855.47677959246,-2.18189581759525
297.938441899434,2147.72353717082,10.4875704344074
211.391459475661,2184.41933876138,16.692245473914
124.844477051888,2221.11514035195,22.8969205134206
301.269162710207,2228.53290794188,6.56027023880411
214.722180286434,2265.22870953245,12.7649452783107
304.599883520979,2309.34227871294,2.63297004320082
223.12258477875,2387.58787210185,2.55458498469923
133.244881544205,2343.47430292135,12.6865602198091
141.645286036521,2465.83346549075,2.47619992619764
226.175412851551,2071.30867420956,36.7008140513714
154.412383803667,1994.89381124831,62.9140576683355
139.628430427778,2108.00447580013,42.905489090878
-124.227292705517,2032.22023474253,81.1272272773558
-41.2033694530487,2095.18520327901,61.7171250227107
41.8205537994198,2158.15017181548,42.3070227680657
-26.419416077159,1982.07453872719,81.7256936001681
56.6045071753094,2045.03950726366,62.3155913455231
71.388460551199,1931.92884271184,82.3241599229805
-198.006452244549,2272.81002268308,8.54554888439191
-77.4421881136621,2209.84505414661,27.955651139037
43.1220760172246,2146.88008561014,47.365753393682
-168.445642628469,2324.50490501421,-5.80582274463679
-47.8813784975822,2261.53993647774,13.6042795100083
-138.884833012389,2376.19978734534,-20.1571943736655
-42.5746584986469,2395.16918525248,-1.66481140921957
48.4287960161599,2446.86406758361,-16.0161830382483
53.7355160150952,2517.52834782188,-11.8751717028311
-392.640565333092,2935.08288071353,0.777146594726869
-308.055321226191,2917.16597244656,0.990951204123026
-223.47007711929,2899.2490641796,1.20475581351918
-321.056068762251,2827.29618126754,1.60147056032816
-236.47082465535,2809.37927300057,1.81527516972431
-151.88558054845,2719.50948182155,2.42579452592944
-249.471572191411,2675.73719723442,-0.960857105184984
-164.88632808451,2631.96491264728,-4.34750873629941
-177.887075620571,2605.07291699615,-5.1018684406022
23.9339594944019,2561.30063240901,-8.48852007171663
-59.0899637580665,2490.63635217075,-12.6295314071338
-142.113887010535,2765.60698841344,-1.57137646139011
-76.9765580630843,2586.33697071682,-0.791903404274316
-160.000481315553,2630.72780775173,0.280662572460271
-55.5754060347075,2675.11864478664,1.35322854919486
40.7347684790347,2516.29124292633,-7.24700039407137
-68.576153570768,2560.68207996124,-6.17443441733679
32.3343639867183,2446.24551513584,-13.7020973838684
317.231571890087,921.659069214149,0.798761330810044
321.240175888892,845.844476155779,0.424590058699158
325.248779887696,770.029883097409,0.0504187865882726
233.728938009836,880.564577593857,0.67696915108838
237.73754200864,804.749984535487,0.302797878977495
150.226304129585,839.470085973565,0.555176971366717
255.119823546906,710.882952000905,0.0871614389666295
184.990867206116,651.736020904402,0.123904091344987
167.60858566785,745.603053438984,0.339540531355852
-366.066329567427,734.946862889729,0.0543805925529972
-274.503790618394,705.157944191915,-0.0824045949814633
-182.941251669362,675.3690254941,-0.219189782515924
-91.3787127203299,645.580106796285,-0.355974970050384
-362.644776398861,656.589574241109,0.00530524629544046
-271.082237449829,626.800655543294,-0.13147994123902
-179.519698500797,597.01173684548,-0.268265128773481
-359.223223230296,578.232285592488,-0.0437700999621163
-267.660684281264,548.443366894674,-0.180555287496577
-71.4714631967632,537.737883124123,-0.232317488032822
-51.5642136731965,429.89565945196,-0.108660006015259
-159.61244897723,489.169513173317,-0.144607646755918
104.455861589477,587.106027845309,-0.179813222460714
6.53857443457374,616.343067320797,-0.267894096255549
87.073580051212,680.97306037989,0.0358232175501513
-10.8437071036917,710.210099855379,-0.0522576562446839
69.6912985129465,774.840092914472,0.251459657561016
26.4458239581404,508.500843648634,-0.144236614237987
-621.533699074225,604.677865313153,-0.137591038142915
-532.956356070061,569.743575856725,-0.122675840835168
-444.379013065896,534.809286400296,-0.10776064352742
-621.398385917119,529.201997821709,-0.102827134917723
-532.821042912954,494.267708365281,-0.0879119376099758
-621.263072760013,453.726130330265,-0.0680632316925314
-447.800566234461,613.166575048917,-0.0586852972698636
-536.377909238626,648.100864505345,-0.0736004945776108
-451.222119403026,691.523863697537,-0.00960995101230682
-634.838341069924,826.357006732007,-0.118234291756023
-545.247670569091,795.886958784581,-0.0606959969863496
-455.657000068259,765.416910837155,-0.00315770221667623
-630.403460404691,752.463959592389,-0.124686540551654
-540.812789903859,721.993911644963,-0.0671482457819802
-625.968579739458,678.570912452771,-0.131138789347284
374.442299660648,1184.5136690494,0.322561199529918
279.30416449883,1181.35930956856,-2.04599128828721
184.166029337012,1178.20495008771,-4.41454377610434
347.137679298777,1255.79744368983,-3.41579335300086
251.999544136959,1252.64308420898,-5.78434584081799
319.833058936907,1327.08121833026,-7.15414790553163
351.493556643272,1109.54217981747,-0.267625526075196
328.544813625896,1034.57069058553,-0.85781225168031
256.355421481454,1106.38782033662,-2.63617801389233
245.042179745645,993.476198965239,-0.979604431401973
161.539545865394,952.381707344947,-1.10139661112364
172.852787601203,1065.29332871633,-2.75797019361399
-748.575376219754,3813.95535740837,-0.107892389862202
-804.287688109791,3790.31101203752,-0.0910410255147602
-859.999999999828,3766.66666666667,-0.0741896611673189
-804.287688109791,3868.08878981529,0.101530404163955
-859.999999999828,3844.44444444444,0.118381768511397
-859.999999999828,3922.22222222222,0.310953198190112
-738.398861904894,3748.10235716649,-0.0689457055495457
-728.222347590035,3682.24935692462,-0.0299990212368898
-794.111173794932,3724.45801179564,-0.0520943412021044
-523.318741464288,3097.272930626,-0.176448417542811
-580.368022830731,3139.94542895254,-0.0460824837547544
-637.417304197174,3182.61792727908,0.084283450033302
-499.229756327002,3164.59400741647,-0.0558003714590771
-556.279037693445,3207.26650574301,0.0745655623289794
-475.140771189717,3231.91508420694,0.0648476746246567
-632.679769734591,3252.67138756999,0.0704636286521248
-627.942235272009,3322.7248478609,0.0566438072709475
-623.204700809427,3392.77830815181,0.0428239858897703
-551.541503230863,3277.31996603392,0.0607457409478021
-546.803968768281,3347.37342632483,0.0469259195666249
-470.403236727135,3301.96854449785,0.0510278532434795
-636.247641001331,3475.19910611907,0.0259147568359551
-649.290581193234,3557.61990408634,0.00900552778213989
-543.732245008965,3436.03487788515,0.0479756889485295
-556.775185200869,3518.45567585241,0.0310664598947143
-464.259789208503,3479.29144761849,0.0531273920072888
-467.331512967819,3390.62999605817,0.0520776226253841
-859.999999999828,3533.33333333333,-0.017613053075681
-859.999999999828,3611.11111111111,-0.0364719224395603
-859.999999999828,3688.88888888889,-0.0553307918034396
-794.111173794932,3568.90245624009,-0.0143766024743457
-794.111173794932,3646.68023401787,-0.0332354718382251
-728.222347590035,3604.47157914684,-0.0111401518730105
-715.179407398131,3522.05078117958,0.00576907718080467
-702.136467206227,3439.62998321232,0.0226783062346199
-781.068233603028,3486.48165827283,0.00253262657946945
-859.999999999829,3300,-0.138239761716456
-859.999999999829,3377.77777777778,-0.0980308588361975
-859.999999999828,3455.55555555556,-0.0578219559559392
-781.068233603028,3330.92610271727,-0.0778851791810471
-781.068233603028,3408.70388049505,-0.0376762763007888
-702.136467206228,3361.85220543454,-0.0175305966456384
-711.611536131392,3221.74528485272,0.0101090461167161
-785.80576806561,3260.87264242636,-0.0640653577998698
-706.87400166881,3291.79874514363,-0.00371077526446113
-696.877270987,-40.9204660183704,-0.00367278599446032
-621.606580210498,-30.1736426519549,-0.00386897591696497
-546.335889433996,-19.4268192855394,-0.00406516583946962
-669.985113746916,-93.9469773455803,0.0065973262203111
-594.714422970414,-83.2001539791648,0.00640113629780645
-643.092956506833,-146.97348867279,0.0168674384350825
-686.493580389985,21.6224696018377,0.0043411248943835
-676.109889792971,84.1654052220458,0.0123550357832273
-611.222889613483,32.3692929682532,0.00414493497187885
-751.251513991276,-93.9469773455803,0.054262248795886
-724.359356751192,-146.97348867279,0.0645323610106574
-697.467199511109,-200,0.0748024732254289
-805.625756995552,-146.97348867279,0.112197283586232
-778.733599755469,-200,0.122467395801004
-859.999999999828,-200,0.170132318376579
-751.251513991276,-16.1691995678025,0.0486941558493271
-805.625756995552,-69.1957108950124,0.106629190639673
-859.999999999828,-122.222222222222,0.16456422543002
-805.625756995552,8.58206688276538,0.101061097693114
-859.999999999828,-44.4444444444445,0.158996132483461
-859.999999999828,33.3333333333333,0.153428039536902
-740.867823394262,46.3737360524056,0.0567080667381709
-795.242066398538,71.1250025029735,0.109075008581958
-730.484132797247,108.916671672614,0.0647219776270147
-730.484132797247,186.694449450391,0.0614056271784721
-795.242066398538,148.902780280751,0.105758658133416
-859.999999999828,111.111111111111,0.150111689088359
-795.242066398538,226.680558058529,0.102442307684873
-859.999999999828,188.888888888889,0.146795338639817
-859.999999999828,266.666666666667,0.143478988191274
-715.617986266231,263.875090115914,0.0435162021320019
-780.375919867521,303.861198724052,0.0845528826384028
-700.751839735214,341.055730781437,0.0256267770855316
-859.999999999828,344.444444444444,0.154919020867366
-859.999999999828,422.222222222222,0.166359053543457
-859.999999999828,500,0.177799086219549
-780.375919867521,381.638976501829,0.0959929153144943
-780.375919867521,459.416754279607,0.107432947990586
-700.751839735214,418.833508559214,0.0370668097616231
-701.022466049426,569.785243542102,-0.0324609966887604
-700.88715289232,494.309376050658,0.00230290653643135
-780.511233024628,534.892621771051,0.0726690447653941
-405.340488201532,2824.45749023301,0.801015912840183
-316.521936471817,2789.47482076252,1.34260878386994
-227.703384742103,2754.49215129204,1.88420165489969
-401.107180578718,2745.08398372761,0.27004280713535
-312.288628849004,2710.10131425713,0.811635678165104
-396.873872955905,2665.71047722222,-0.260930298569483
-445.959802799074,2977.88611827731,0.062462403392816
-366.392403386668,2973.97583423066,0.149008063544965
-286.825003974263,2970.06555018401,0.235553723697115
-425.650145500303,2901.17180425516,0.431739158116499
-346.082746087897,2897.26152020851,0.518284818268649
-257.264194358183,2862.27885073803,1.0598776892984
-524.946969366029,3014.47933335403,-0.268834122588838
-583.624478634212,2974.35823440861,-0.230853893846809
-642.301987902396,2934.23713546318,-0.19287366510478
-581.996250732471,3057.15183168057,-0.138468188800782
-640.673760000655,3017.03073273515,-0.100487960058753
-639.045532098914,3099.82433000711,-0.00810225501272531
-504.637312067258,2937.76501933188,0.100442632134845
-484.327654768486,2861.05070530973,0.469719386858528
-563.314821335441,2897.64392038645,0.138422860876874
-376.139695107613,2134.94561709905,20.3950470764322
-310.055488611933,2215.36367384781,6.87763325973299
-243.971282116252,2295.78173059658,-6.63978055696625
-292.168894306915,2100.70382298021,40.6391071434067
-226.084687811234,2181.12187972898,27.1216933267075
-208.198093506216,2066.46202886137,60.8831672103812
-458.804750601045,2366.22608919888,-5.58824283116398
-365.165525607553,2369.5506552477,-10.4445600119978
-271.526300614062,2372.87522129652,-15.3008771928317
-431.249732103234,2289.13259849893,3.07285380470142
-337.610507109743,2292.45716454776,-1.78346337613242
-403.694713605424,2212.03910779899,11.7339504405668
-436.750022178394,2439.59638303819,-3.98946302220076
-414.695293755743,2512.96667687751,-2.39068321323754
-343.110797184902,2442.92094908701,-8.8457802030346
-627.780407832483,2702.90432034959,0.634902210839552
-632.620934522454,2780.01525872079,0.358976918858108
-637.461461212425,2857.12619709198,0.0830516268766641
-553.633767955499,2743.42204364406,0.690273444839762
-558.47429464547,2820.53298201526,0.414348152858318
-479.487128078515,2783.93976693853,0.745644678839972
-475.253820455702,2704.56626043314,0.21467157313514
-471.020512832888,2625.19275392774,-0.316301532569693
-549.400460332686,2664.04853713867,0.159300339134929
-634.111948088329,2488.90891634475,1.35263070671659
-632.001434669713,2560.2407176797,1.11338787475758
-629.890921251098,2631.57251901464,0.874145042798564
-553.621487169916,2521.38493446877,0.637786003052953
-551.510973751301,2592.71673580372,0.398543171093942
-473.131026251504,2553.8609525928,-0.0770587006106813
-517.240483096806,2407.12036491417,-3.27461831853713
-575.676215592567,2448.01464062946,-0.960993805910269
-495.185754674155,2480.49065875348,-1.6758385095739
-519.298339108805,2227.16820685164,-3.57534668975357
-579.791927616565,2196.42734360078,4.41478456564169
-640.285516124326,2165.68648034991,12.404915821037
-577.734071604566,2152.27170086602,-9.19817511376428
-638.227660112327,2121.53083761516,-1.20804385836902
-636.169804100327,2090.78997436429,6.78208739702624
-491.743320610995,2077.3751948804,-14.821003537775
-464.188302113184,2046.63433162954,-6.83087228237973
-552.236909118755,2002.47868889478,-20.4438319617857
-636.009474060404,2319.8734617498,-4.91727745069384
-547.960867054834,2273.52083430072,-4.24631207022371
-459.912260049263,2360.76773746509,-2.60365293806699
-631.733431996483,2314.41511001601,-1.93268755759685
-543.684824990912,2401.66201318038,-0.29002842544013
-627.457389932562,2242.77997104986,3.74381918517156
-709.407965392162,2525.93927756317,0.634606903556293
-784.703982695995,2562.96963878158,-0.0834168996040018
-859.999999999828,2600,-0.801440702764297
-707.297451973547,2597.27107889811,0.395364071597281
-782.59346927738,2634.30144011653,-0.322659731563014
-705.186938554931,2668.60288023306,0.156121239638269
-859.999999999828,2677.77777777778,-0.675940975553925
-859.999999999828,2755.55555555556,-0.550441248343553
-859.999999999828,2833.33333333333,-0.424941521133181
-782.59346927738,2712.07921789431,-0.197160004352642
-782.59346927738,2789.85699567209,-0.0716602771422697
-705.186938554931,2746.38065801084,0.281620966848641
-714.867991934873,2900.60253475323,-0.270229617114247
-710.027465244902,2823.49159638203,0.00569567486719718
-787.433995967351,2866.96793404328,-0.347585569123714
-859.999999999828,577.777777777778,0.140558009396407
-859.999999999828,655.555555555555,0.103316932573265
-859.999999999828,733.333333333333,0.0660758557501227
-780.511233024627,612.670399548828,0.0354279679422521
-780.511233024627,690.448177326606,-0.00181310888088979
-701.022466049426,647.563021319879,-0.0697020735119023
-709.892227379892,795.349115599116,-0.0567975759206411
-705.457346714659,721.456068459498,-0.0632498247162717
-784.94611368986,764.341224466224,0.00463913991474081
296.907662766426,1440.25913085812,-4.68344512162616
206.148751795998,1478.99890926472,-0.842940273007053
115.38984082557,1517.73868767131,2.99756457561206
299.738363447262,1526.60161372053,1.6288871006317
208.979452476834,1565.34139212712,5.46939194925081
302.569064128099,1612.94409658293,7.94121932288956
226.914951261497,1686.68954513551,32.1110791726444
133.325339610232,1639.0868406797,29.6392517990057
151.260838394895,1760.43499368809,56.2809390223993
229.074147966478,1365.82099673685,-3.31364305691252
161.240633166531,1291.38286261558,-1.94384099219888
138.31523699605,1404.56077514344,0.52686179170659
-393.305297965575,1336.83629579108,-9.24892572527283
-471.355995287904,1397.13709308449,-5.16676229164453
-549.406692610233,1457.4378903779,-1.08459885801624
-387.583430346255,1283.95918055662,-7.63746507555
-465.634127668583,1344.25997785003,-3.5553016419217
-381.861562726934,1231.08206532217,-6.02600442582717
-297.890761926235,1888.99699930868,31.4975839915683
-213.919961125537,1926.82422917071,14.1837786737836
-303.612629545556,1964.65145903275,-3.13002664400105
-107.995025465281,1970.97987190547,27.7967383531896
-33.5334033683305,2008.8071017675,10.4829330354049
40.9282187286196,2052.96274450226,24.0958927148109
-10.6080071978498,2018.72095038342,44.3399527817854
63.8536148991003,1984.47915626458,64.5840128487599
86.779011069581,1936.73807778663,48.0407984201641
-323.964900821561,1818.22877151413,42.2204317428563
-234.272232401541,1865.96984999208,58.7636461714522
-144.579563981522,1913.71092847003,75.306860600048
-254.624503677546,1747.46054371957,52.9432794941444
-164.931835257527,1795.20162219752,69.4864939227402
-185.284106533531,1676.69231592502,63.6661272454324
15.1651917058693,1570.72323042255,23.2204187988855
-59.2964303910807,1510.42243312914,19.1382553652572
-133.758052488031,1450.12163583573,15.0560919316289
-85.059457413831,1623.70777317378,43.443273022159
-159.521079510781,1563.40697588037,39.3611095885307
-46.7716873531638,1863.56523245468,75.9053269228604
51.0361892751943,1813.41953643933,76.5037932456727
-67.1239586291686,1745.05592618218,70.0849602455526
33.1006904905318,1692.07138343094,49.8621060222791
-372.035324465124,1430.28448743621,-8.46754924406242
-309.784918487926,1512.42043026581,15.5770095857692
-247.534512510729,1594.55637309542,39.6215684156008
-284.021891465176,1399.13509022117,-8.72800807113256
-221.771485487979,1481.27103305077,15.3165507586991
-196.008458465228,1367.98569300612,-8.98846689820269
-454.491116748172,1665.72035169002,8.5686864023647
-364.755446676625,1669.37767310169,26.9345000167206
-275.019776605078,1673.03499451335,45.3003136310765
-427.005852653823,1587.24173027208,2.889941186889
-337.270182582276,1590.89905168375,21.2557548012449
-399.520588559473,1508.76310885415,-2.78880402858671
-434.09584382064,1740.14590089624,16.2116522654326
-413.700570893108,1814.57145010246,23.8546181285004
-344.360173749093,1743.80322230791,34.5774658797885
-294.714185554001,815.13471140644,1.12830057560693
-223.362041540574,895.322559923151,2.20222055866086
-152.009897527148,975.510408439861,3.27614054171479
-203.151646604968,785.345792708625,0.991515388072468
-131.799502591542,865.533641225336,2.0654353711264
-111.589107655936,755.556874010811,0.854730200538008
49.4809035773405,884.816860128997,1.46216482814941
-31.0541020392977,820.186867069904,1.15844751434371
-51.2644969749038,930.163634284429,2.3691526849321
-122.666649485903,1216.39433334067,-5.07390363627695
-25.2796312184723,1163.51721810622,-3.46244298655413
72.1073870489585,1110.64010287176,-1.8509823368313
-137.338273506526,1095.95237089027,-0.898881547281081
-39.9512552390948,1043.07525565581,0.712579102441747
60.7941453131495,997.728481500379,-0.194408754340945
-447.124852350763,965.390611990834,0.864818500167672
-420.105344756318,888.576028957132,0.59467253096278
-393.085837161872,811.761445923431,0.324526561757889
-509.69601525715,919.046076904558,0.537134236193107
-482.676507662705,842.231493870857,0.266988266988215
-572.267178163537,872.701541818283,0.209449972218542
-348.753200742892,968.763877473843,1.66859251401671
-250.38154913502,972.137142956852,2.47236652786575
-321.733693148446,891.949294440141,1.39844654481182
-506.1090635665,1007.05061991183,0.880522358820849
-568.680226472886,960.706084825558,0.552838094846284
-631.251389379273,914.361549739283,0.225153830871719
-565.093274782236,1048.71062783283,0.896226217474025
-627.664437688623,1002.36609274656,0.56854195349946
-624.077485997972,1090.37063575383,0.911930076127202
-859.999999999828,811.111111111111,-0.0302692503614818
-859.999999999828,888.888888888889,-0.126614356473086
-859.999999999828,966.666666666667,-0.222959462584691
-784.94611368986,842.119002244002,-0.0917059661968638
-784.94611368986,919.89678002178,-0.188051072308468
-709.892227379892,873.126893376893,-0.153142682032246
-706.305275689241,961.131436384169,0.190245440595496
-781.35916199921,1007.90132302906,0.155337050319273
-702.718323998591,1049.13597939144,0.533633563223238
-859.999999999828,1200,0.802485995909568
-781.35916199921,1163.45687858461,0.838967355982113
-702.718323998591,1126.91375716922,0.875448716054657
-859.999999999828,1122.22222222222,0.460670843078148
-781.35916199921,1085.67910080683,0.497152203150693
-859.999999999828,1044.44444444444,0.118855690246729
-624.15028513299,1305.62408889053,0.270686852270354
-624.126018754651,1233.87293784496,0.48443459355597
-624.101752376311,1162.1217867994,0.698182334841586
-702.76685675527,1270.41605926035,0.447953233483425
-702.74259037693,1198.66490821479,0.661700974769041
-781.383428377549,1235.20802963018,0.625219614696497
-541.904908669687,1120.54752243294,-0.804076679081743
-541.929175048027,1192.2986734785,-1.01782442036736
-541.953441426366,1264.04982452407,-1.23157216165298
-459.732331341402,1150.72440911205,-2.52008343429069
-459.756597719742,1222.47556015761,-2.7338311755763
-377.559754013118,1180.90129579115,-4.23609018949963
-423.936486238215,1037.22750659094,-0.835484396388096
-482.920697453951,1078.88751451194,-0.81978053773492
-400.748120125666,1109.06440119105,-2.53578729294386
-375.71827749712,1264.0290263395,-5.64657654102056
-457.915121203744,1305.60329070596,-4.14431752709723
-540.111964910368,1347.17755507242,-2.6420585131739
-373.876800981122,1347.15675688786,-7.05706289254149
-456.073644687746,1388.73102125431,-5.55480387861816
-325.564834630343,1040.60077207395,-0.0317103825390564
-302.376468517795,1112.43766667406,-1.73201327909482
-227.193183022471,1043.97403755696,0.772063631309983
-285.863367981174,1316.00735967281,-7.31752171961163
-197.849934981226,1284.85796245777,-7.57798054668176
-287.704844497172,1232.87962912446,-5.9070353680907
-212.521559001849,1164.41600000736,-3.40295845768589
-629.469796315776,1931.28745656702,-15.2785721487522
-551.419098993447,1893.46022670499,2.03523316903245
-473.368401671118,1855.63299684295,19.3490384868171
-631.48220269899,1860.09622423927,-10.1133123357187
-553.431505376661,1822.26899437723,7.20049298206596
-633.494609082204,1788.90499191151,-4.9480525226852
-514.158947526183,1706.78189843052,4.0631067606814
-573.826778304193,1747.84344517101,-0.442472881001896
-493.76367459865,1781.20744763674,11.7060726237493
-629.239245032365,1378.4674791388,-0.25728920259018
-634.32820493174,1451.31086938707,-0.785265257450714
-639.417164831115,1524.15425963535,-1.31324131231125
-545.200924809743,1420.02094532069,-3.17003456803444
-550.289884709118,1492.86433556897,-3.69801062289497
-461.162604587121,1461.57441150259,-6.0827799334787
-516.13313277582,1618.53165433846,5.27471049747272
-577.775148803467,1571.3429569869,1.98073459258074
-575.80096355383,1659.59320107896,0.76913085578942
-637.442979581478,1612.4045037274,-2.52484504910256
-635.468794331841,1700.65474781945,-3.73644878589388
-488.64786868147,1540.05303292053,-0.404034718002988
-859.999999999828,1277.77777777778,0.37456178208709
-859.999999999828,1355.55555555556,-0.0533624317353872
-859.999999999828,1433.33333333333,-0.481286645557865
-781.383428377549,1312.98580740795,0.197295400874019
-781.383428377549,1390.76358518573,-0.230628812948458
-702.76685675527,1348.19383703813,0.0200290196609479
-712.944776554019,1493.88061753468,-1.03592309006012
-707.855816654644,1421.0372272864,-0.507947035199586
-786.472388276924,1463.606975434,-0.758604867808993
-859.999999999828,1511.11111111111,-0.499103615626999
-859.999999999828,1588.88888888889,-0.516920585696134
-859.999999999828,1666.66666666667,-0.534737555765269
-786.472388276924,1541.38475321178,-0.776421837878127
-786.472388276924,1619.16253098956,-0.794238807947262
-712.944776554019,1571.65839531245,-1.05374006012926
-784.498203027287,1707.41277508161,-2.00584254473858
-708.996406054745,1748.15888349656,-3.47694753371189
-710.970591304382,1659.90863940451,-2.26534379692057
-859.999999999828,2911.11111111111,-0.368214530445438
-859.999999999828,2988.88888888889,-0.311487539757696
-859.999999999828,3066.66666666667,-0.254760549069953
-787.433995967351,2944.74571182106,-0.290858578435971
-787.433995967351,3022.52348959884,-0.234131587748229
-714.867991934873,2978.38031253101,-0.213502626426504
-859.999999999829,3144.44444444444,-0.215920286618787
-859.999999999829,3222.22222222222,-0.177080024167621
-785.80576806561,3105.3170868708,-0.141745882702201
-785.80576806561,3183.09486464858,-0.102905620251036
-711.611536131392,3143.96750707494,-0.0287312163344497
-713.239764033133,3061.17390980298,-0.121116921380477
-859.999999999828,1900,3.17651640788405
-784.498203027287,1862.96833063717,0.468326764360967
-708.996406054745,1825.93666127434,-2.23986287916211
-859.999999999828,1822.22222222222,1.93943175333428
-784.498203027287,1785.19055285939,-0.768757890188805
-859.999999999828,1744.44444444444,0.702347098784504
-706.983999671531,1897.1278936021,-7.40512269219562
-782.485796644073,1934.15956296493,-4.69693304867254
-704.971593288317,1968.31912592985,-12.5703825052291
-859.999999999828,1977.77777777778,3.66473571149143
-859.999999999828,2055.55555555555,4.15295501509882
-859.999999999828,2133.33333333333,4.64117431870621
-782.485796644073,2011.9373407427,-4.20871374506515
-782.485796644073,2089.71511852048,-3.72049444145777
-704.971593288317,2046.09690370763,-12.0821632016217
-713.52367741616,2195.88991567887,-0.83650635360031
-709.247635352239,2120.99340969325,-6.45933477761102
-786.761838707994,2164.6116245061,1.90233398255295
-859.999999999829,2211.11111111111,4.22701486458726
-859.999999999829,2288.88888888889,3.81285541046831
-859.999999999829,2366.66666666667,3.39869595634937
-786.761838707994,2242.38940228388,1.488174528434
-786.761838707994,2320.16718006166,1.07401507431505
-713.52367741616,2273.66769345665,-1.25066580771926
-859.999999999829,2522.22222222222,0.598604850273591
-784.703982695995,2485.19186100381,1.31662865343389
-709.407965392162,2448.16149978539,2.03465245659418
-859.999999999829,2444.44444444444,1.99865040331148
-784.703982695995,2407.41408322603,2.71667420647177
-711.465821404161,2360.91459662102,0.391993324437462
