% Model:              HG36,0_completo_setoresRadiado,r_F7_30mm_ext_EspFontesCruz01_Sbg_Slg_Teste3.mph
% Version:            COMS,OL 5.5.0.292,
% Date:               Dec,"14 2024, 10:58",
% Dimension:          2,,
% Nodes:              1108,,
% Expressions:        1,,
% Description:        Surf,ace,
% surf3x,surf3y,Color
860.000000000112,3766.6666666666665,0.7933137511588049
805.963369897787,3786.0951277743766,0.5128193603961468
751.926739795462,3805.5235888820853,0.2323249696334886
697.890109693137,3824.952049989795,-0.04816942112916956
860.000000000121,3844.444444444445,1.1414346986590485
805.963369897796,3863.872905552154,0.8609403078963902
751.92673979547,3883.3013666598627,0.5804459171337321
860.00000000013,3922.2222222222226,1.489555646159292
805.963369897804,3941.6506833299313,1.2090612553966338
860.000000000138,4000,1.8376765936595356
678.587484135646,3642.234117798014,-0.07978217874818481
739.058322757135,3683.711634087565,0.2112497978874784
799.529161378624,3725.1891503771153,0.5022817745231417
739.058322757135,3605.933856309787,0.08523327570600785
799.529161378624,3647.411372599338,0.37626525234167113
860.000000000112,3688.888888888889,0.6672972289773343
799.529161378624,3569.6335948215606,0.2502487301602005
860.000000000112,3611.1111111111113,0.5412807067958637
860.000000000112,3533.3333333333335,0.4152641846143932
691.455901173973,3764.0460725925345,-0.05870700700217465
745.492531276299,3744.6176114848254,0.22178738376048351
685.02169265481,3703.140095195274,-0.06924459287517973
689.915685876393,-41.364002537496994,0.6710293863104557
746.610457250967,-16.464890580553565,-0.4984268765300342
803.30522862554,8.434221376389866,-1.6678831393705242
860.000000000113,33.3333333333333,-2.8373394022110143
746.610457250973,-94.24266835833133,0.4043110323909129
803.305228625546,-69.3435564013879,-0.765145230449577
860.000000000119,-44.44444444444446,-1.9346014932900673
803.305228625552,-147.12133417916564,0.13759267847137002
860.000000000125,-122.22222222222221,-1.03186358436912
860.000000000131,-199.99999999999997,-0.12912567544817286
665.422851311177,-94.24266835833134,0.5608072518286965
722.117622685756,-147.12133417916564,0.2940888979091536
778.812394060335,-199.99999999999997,0.027370543989610696
640.93001674596,-147.12133417916567,0.4505851173469371
697.624788120539,-199.99999999999997,0.18386676342739425
616.437182180743,-200,0.3403629828651778
622.416883344499,4000,-0.11940135992520405
701.611255563045,4000,0.5329579579363758
780.805627781592,4000,1.1853172757979555
647.574625460711,3941.650683329932,-0.09565738032652589
726.768997679258,3941.650683329932,0.5567019375350539
672.732367576924,3883.301366659863,-0.07191340072784773
860.000000000113,68.8407518025634,-1.7078952907019698
860.000000000113,104.34817027179349,-0.5784511791929251
860.000000000113,139.8555887410236,0.5509929323161195
860.000000000113,111.1111111111111,-3.1514237506228047
784.470624275448,146.6185295803412,-2.02197963911376
784.470624275448,182.1259480495713,-0.8925355276047151
784.470624275448,188.8888888888889,-3.4655080990345946
708.941248550783,224.396307358119,-2.33606398752555
708.941248550783,266.66666666666674,-3.779592447446385
633.411872826119,19.04252788867653,0.6310172349790103
793.543381335564,79.44905831485006,0.591005083647565
727.086762671016,43.94163984561997,-0.5384390278614797
660.630144006467,499.9999999999999,-4.150729897828476
860.000000000113,422.22222222222223,-4.027017414367779
793.543381335564,344.44444444444446,-3.903304930907082
727.086762671016,463.49274870534344,-2.5771198081017683
860.000000000113,385.7149709275657,-2.4534073246410717
793.543381335564,307.93719314978796,-2.329694841180375
651.557386946351,426.98549741068695,-1.0035097183750619
642.484629886235,349.2077196329092,-0.879797234914365
718.014005610899,390.47824611603045,0.5701003713516447
680.153838586418,223.39647453269257,0.5573620786612947
670.391991296443,306.93736032436146,0.5637312250064698
736.848609960991,265.66683384124025,-0.8861663812595401
626.639424946975,3813.980593790829,-0.035667588640617934
555.388740200814,3803.009137591862,-0.023165756152066296
484.138055454652,3792.0376813928956,-0.01066392366351466
601.481682830763,3872.3299104608964,-0.05941156823929609
530.230998084601,3861.3584542619305,-0.04690973575074445
576.32394071455,3930.679227130965,-0.08315554783797424
620.205216427812,3753.0746163935682,-0.046205174513623014
613.771007908648,3692.1686389963074,-0.05674276038662809
548.95453168165,3742.1031601946015,-0.03370334202507137
860.000000000112,2833.3333333333335,-3.197146668336954
786.863877970397,2862.1768733831614,-1.6131700035203969
713.727755940682,2891.020413432989,-0.02919333870383974
640.591633910966,2919.8639534828167,1.5547833261127175
860.000000000112,2911.1111111111118,-3.443681957059452
786.863877970397,2939.954651160939,-1.8597052922428947
713.727755940682,2968.7981912107666,-0.27572862742633764
860.000000000112,2988.8888888888896,-3.6902172457819495
786.863877970397,3017.732428938717,-2.106240580965393
860.000000000112,3066.6666666666674,-3.9367525345044476
860.000000000113,2599.9999999999995,-1.4152144901714658
786.747737811832,2638.1019387229135,-0.11826214411949221
713.495475623551,2676.2038774458274,1.1786902019324814
640.24321343527,2714.3058161687404,2.4756425479844553
860.000000000113,2677.777777777778,-2.0091918828932953
786.747737811832,2715.8797165006913,-0.7122395368413216
713.495475623551,2753.981655223605,0.584712809210652
860.000000000112,2755.5555555555557,-2.603169275615125
786.747737811832,2793.6574942784687,-1.306216929563151
640.475493752401,2851.344574378125,1.8617364000699634
713.611615782116,2822.501034328297,0.27775973525340625
640.359353593835,2782.825195273432,2.168689474027209
860.000000000113,2366.666666666667,-8.162856645030132
788.579595876995,2399.374074711857,-6.725287726841044
717.159191753878,2432.0814827570457,-5.287718808651956
645.73878763076,2464.788890802235,-3.8501498904628675
860.000000000113,2444.444444444445,-5.913642593410577
788.579595876995,2477.151852489634,-4.476073675221489
717.159191753878,2509.859260534823,-3.0385047570324
860.000000000113,2522.222222222222,-3.664428541791022
788.579595876995,2554.929630267411,-2.226859623601933
642.075071500433,2631.133507713239,0.3670450685020144
715.327333688714,2593.031568990325,-0.9299072775499592
643.906929565597,2547.961199257737,-1.7415524109804266
860.000000000112,2133.333333333334,-11.954201047404405
783.532498935104,2169.389831062909,-7.585800704692671
707.064997870096,2205.4463287924837,-3.2174003619809337
630.597496805088,2241.5028265220585,1.150999980730803
860.000000000113,2211.1111111111118,-10.690419579946317
783.532498935104,2247.1676088406866,-6.322019237234579
707.064997870096,2283.224106570261,-1.953618894522842
860.000000000113,2288.888888888889,-9.426638112488224
783.532498935104,2324.945386618464,-5.058237769776487
640.69169068887,2390.3602027088427,-2.183099933398311
712.112094811987,2357.6527946636534,-3.620668851587399
635.644593746979,2315.931514615451,-0.5160499763337539
860.000000000113,3300.0000000000005,-0.5406280800826757
790.179887290276,3334.5237401441314,-0.3478156727113195
720.359774580439,3369.047480288262,-0.1550032653399634
650.539661870602,3403.571220432392,0.037809142031392746
860.000000000113,3377.7777777777787,-0.2219973251836528
790.179887290276,3412.301517921909,-0.02918491781229662
720.359774580439,3446.825258066039,0.16362748955905956
860.000000000112,3455.555555555556,0.0966334297153702
790.179887290276,3490.079295699686,0.2894458370867264
669.238210047298,3562.67981867614,-0.04058507182165895
729.709048668787,3526.379557187913,0.1244303826325337
659.88893595895,3483.125519554266,-0.0013879648951331024
784.186666798268,3103.7559551424565,-2.4446737966313634
708.373333596424,3140.8452436182456,-0.9525950587582789
632.56000039458,3177.9345320940347,0.5394836791148054
860.000000000113,3144.4444444444453,-2.8047110496971905
784.186666798268,3181.5337329202343,-1.3126323118241063
708.373333596424,3218.623021396023,0.1794464260489784
860.000000000113,3222.2222222222226,-1.672669564889933
784.186666798268,3259.3115106980117,-0.18059082701684864
644.546441378595,3328.358990986273,0.20503398772586362
714.366554088432,3293.8352508421426,0.012221580354507496
638.553220886588,3253.146761540154,0.37225883342033456
635.237211566709,3091.911005890296,0.8779168947807761
711.050544768553,3054.8217174145066,-0.6141618430923081
637.914422738838,3005.887479686556,1.2163501104467467
474.058770771488,3566.470421284363,-0.09708172841220959
542.235008559541,3591.7249867889136,-0.09131521185753469
610.411246347593,3616.9795522934633,-0.08554869530285975
532.885734471192,3512.1706876670396,-0.052118104931008824
601.061972259245,3537.4252531715892,-0.04635158837633389
591.712698170897,3457.8709540497152,-0.007154481449808038
477.418532332543,3641.6595079872077,-0.06827579349597797
480.778293893597,3716.8485946900514,-0.03946985857974631
545.594770120595,3666.9140734917573,-0.06250927694130302
615.053826029077,-31.91790022230942,0.3924124029469245
590.560991463861,-84.79656604314374,0.28219026846516515
566.068156898644,-137.6752318639781,0.1719681339834058
540.191966181761,-22.47179790712184,0.11379541958339312
515.699131616545,-75.35046372795617,0.003573285101633801
465.330106334445,-13.025695591934259,-0.1648215637801382
605.291978739102,28.48863020386412,0.352400251615479
530.430118891786,37.9347325190517,0.0737832682519477
595.530131449126,88.89516063003765,0.3123881002840336
418.72941839726,-75.35046372795617,-0.10925336119749807
469.098443679359,-137.6752318639781,0.05914148768427395
519.467468961459,-200,0.22753633656604594
372.128730460075,-137.6752318639781,-0.05368515861485791
422.497755742174,-200,0.11470969026691409
325.52804252289,-200,0.0018830439677822257
860.000000000113,733.3333333333331,-5.8782587881302595
860.000000000113,655.5555555555554,-5.3024158246963315
860.000000000113,577.7777777777777,-4.726572861262404
785.650935238896,702.8079916995666,-3.6551443398828365
785.650935238896,625.0302139217888,-3.079301376448909
785.650935238896,547.2524361440111,-2.5034584130149806
711.30187047768,672.2826500658,-1.4320298916354144
711.30187047768,594.5048722880222,-0.8561869282014862
636.952805716463,641.7573084320334,0.7910845566120083
634.592183789567,474.23793355469815,0.6437617664384327
635.772494753015,557.9976209933657,0.7174231615252205
710.121559514231,510.7451848493546,-0.929848323288274
457.182175295785,531.9510292063434,0.4838938981616292
517.105718769344,568.5531222815735,0.5862907843117555
577.029262242904,605.1552153568034,0.688687670461882
515.925407805896,484.79343484290575,0.5126293892249678
575.848951279456,521.3955279181357,0.6150262753750941
574.668640316007,437.6358404794681,0.5413648802883063
785.88991157333,771.1078467787786,-3.6634124126189
711.779823146548,808.8823602242242,-1.4485660371075404
637.669734719766,846.6568736696695,0.7662803384038192
860.000000000113,811.111111111111,-5.131179453059194
785.88991157333,848.8856245565563,-2.916333077547835
711.779823146548,886.6601380020019,-0.7014867020364753
860.000000000113,888.8888888888888,-4.38410011798813
785.88991157333,926.6634023343343,-2.1692537424767697
860.000000000113,966.6666666666666,-3.637020782917064
637.191782050897,710.0571635112454,0.7828164838759453
637.430758385331,778.3570185904575,0.7745484111398822
711.540846812114,740.582505145012,-1.4402979643714773
789.163964874271,998.8186380882003,-2.5316837958031435
718.327929748429,1030.9706095097338,-1.4263468086892233
647.491894622587,1063.1225809312673,-0.3210098215753025
860.000000000113,1044.4444444444443,-2.6635911542368054
789.163964874271,1076.5964158659779,-1.5582541671228842
718.327929748429,1108.7483872875112,-0.4529171800089636
860.000000000112,1122.222222222222,-1.6901615255565456
789.163964874271,1154.3741936437555,-0.5848245384426247
860.000000000112,1199.9999999999998,-0.7167318968762858
644.217841321647,990.9673451774014,0.04142023175107139
715.053876447488,958.8153737558678,-1.0639167553628492
640.943788020706,918.8121094235354,0.4038502850774453
435.295050213916,3861.3584542619305,-0.008531847904700416
386.452044973179,3930.679227130965,-0.006399772145886169
337.609039732443,4000,-0.0042676963870719245
481.387992843865,3930.679227130965,-0.04477765999193021
432.544987603128,4000,-0.042645584233115964
527.480935473813,4000,-0.08102347207916001
541.059956802485,351.64641159701176,0.3700864827687117
550.132713862601,268.1055258053428,0.36371733642353654
559.205470922717,184.56464001367382,0.35734819007836144
448.70804077885,312.814577077993,0.1700725941857785
457.780797838966,229.27369128632404,0.1637034478406034
356.356124755216,273.98274255897434,-0.02994129439715468
423.573491782262,445.96160032388707,0.31261550064203464
482.316724292373,398.8040059604494,0.34135099170537314
389.964808268739,359.9721714414307,0.14133710312243997
429.005445808035,82.64378379170192,-0.11986147398581037
392.680785281626,178.3132631753381,-0.07490138419148253
494.105458365376,133.6042119026879,0.11874335804627553
445.609064000265,3036.4284821135625,0.10871728352875495
507.92604279837,3083.597165440387,0.2523060820574385
570.243021596475,3130.7658487672106,0.39589488058612193
510.603253970499,2997.5736392366475,0.590739297723409
572.920232768604,3044.7423225634716,0.7343280962520926
575.597443940733,2958.718796359732,1.0727613119180632
281.108633738866,3888.3146294300864,0.0032852941210187135
224.608227745289,3776.6292588601727,0.010838284629109352
168.107821751712,3664.9438882902587,0.01839127513719999
223.811550875689,4000,-9.300040205669954E-5
167.311144882112,3888.314629430086,0.00745999010603394
110.810738888535,3776.6292588601723,0.015012980614124576
110.014062018935,4000,0.004081695582958527
53.5136560253579,3888.314629430086,0.011634686091049165
-3.78342683781915,4000,0.008256391567973753
378.794644220339,3749.673083692017,-9.788573966097763E-4
273.451232986026,3707.308485991138,0.008706208870295107
329.951638979602,3818.9938565610514,0.0011532183622044684
372.075121098229,3599.2949102863286,-0.058590727229073075
270.091471424971,3632.1193992882936,-0.02009972604593654
375.434882659284,3674.4839969891727,-0.029784792312841427
860.000000000113,1433.333333333333,-16.616084365570604
787.574012542098,1355.5555555555554,-11.316300209339165
715.148025084083,1277.7777777777776,-6.016516053107726
642.722037626068,1394.6619639783983,-11.056113444868778
860.000000000113,1316.8841862006207,-5.756329288637341
787.574012542098,1239.1064084228426,-0.4565451324059008
715.148025084083,1355.9905946234635,-5.496142524166954
860.000000000112,1278.2128168456857,-0.19635836793551575
787.574012542097,1317.319225268529,0.06382839653486926
860.000000000112,1193.4806020665987,-0.32463777397223964
860.000000000112,1147.8547957103544,-0.1927304155385786
860.000000000113,1232.5870104894416,-0.06445100950185466
860.000000000113,1468.028639798241,-10.940500672649538
785.402027888375,1502.7239462631492,-5.26491697972847
785.402027888375,1537.419252728057,0.41066671319259657
785.402027888375,1511.111111111111,-17.174899165770245
710.804055776638,1545.8064175760192,-11.49931547284918
710.804055776638,1580.501724040927,-5.823731779928113
636.206083664901,1588.888888888889,-17.73371396596989
714.565992762534,1623.5841953537968,-12.058130273048821
643.729957636692,1666.666666666667,-18.292528766169532
639.968020650796,1390.6859010883716,0.1794411687541117
782.711344159192,1464.0525769082142,0.29505394097335413
705.422688318271,1429.3572704433063,-5.380529751947712
628.134032477351,1699.6708776072298,-5.415377216234784
860.000000000113,1732.6750885477927,7.461774333699964
782.711344159192,1765.6792994883554,20.33892588363471
705.422688318271,1744.4444444444446,-20.0179409095166
860.000000000113,1777.448655385007,-7.140789359581851
782.711344159192,1810.4528663255699,5.736362190352896
637.859369243162,1822.222222222222,-21.743353052863664
710.285356701177,1855.2264331627846,-8.866201502928917
632.996700860256,1899.9999999999995,-23.46876519621073
633.515399935718,1689.5926172349227,13.696172826820673
630.824716206534,1656.5884062943596,0.8190212768859261
708.113372047455,1613.5059349814896,7.053419770006634
559.505855040644,2887.0999521478616,1.0997668925798747
559.389714882078,2818.5805730431694,1.4067199665371206
559.273574723513,2750.0611939384776,1.7136730404943663
478.420076170321,2854.335950812906,0.6447504590470319
478.303936011756,2785.8165717082143,0.9517035330042778
397.334297299999,2821.571949477951,0.18973402551418916
429.517475100177,2964.809637901692,0.13572286419056637
494.51166507041,2925.9547950247766,0.6177448783852205
413.425886200088,2893.1907936898215,0.16272844485237775
475.278998311027,2590.4120900866264,-2.8940639783209945
530.267070019108,2631.7099987806646,-1.1041618028858449
585.255141727189,2673.0079074747027,0.6857403725493051
532.098928084271,2548.5376903251627,-3.2127592823682853
587.086999792352,2589.835599019201,-1.4228571069331357
588.918857857516,2506.663290563699,-3.531454586415576
449.297431307351,2667.4653765504013,-1.8661313103759334
423.315864303675,2744.518663014176,-0.8381986424308722
504.285503015432,2708.7632852444394,-0.07622913494078348
784.671187012122,1938.5843700673292,-8.846756719358755
709.342374024131,1977.1687401346587,5.775251757493221
634.01356103614,2015.7531102019886,20.397260234345197
860.000000000112,1977.7777777777776,-19.630577146608626
784.671187012122,2016.3621478451073,-5.008568669756648
709.342374024131,2054.946517912437,9.613439807095329
860.000000000112,2055.5555555555557,-15.792389097006515
784.671187012122,2094.139925622885,-1.170380620154539
631.736184882106,2166.2529210820353,7.566420065268934
708.203685947114,2130.1964233524604,3.198019722557198
632.874872959123,2091.0030156420116,13.981840149807066
636.916386566116,1932.3951732974442,20.37781545077503
712.245199554107,1893.8108032301145,5.755806973923059
639.819212096092,1849.0372363928998,20.35837066720487
472.02169392711,1887.0504753460568,65.32613916505618
526.018982963453,1929.9513536313677,50.34984618815252
580.016271999797,1972.852231916678,35.37355321124886
528.921808493429,1846.5934167268233,50.33040140458236
582.919097529772,1889.4942950121335,35.354108427678696
585.821923059748,1806.1363581075893,35.33466364410853
550.837515465163,2047.5113186614094,26.16323617827566
467.661469894185,2079.26952712083,31.929212122206124
384.485424323207,2111.027735580251,37.69518806613659
549.698827388145,2122.7612241014326,19.74781609373753
466.522781817168,2154.5194325608536,25.513792037667994
548.560139311128,2198.011129541456,13.332396009199396
442.842937392476,1961.7095620907885,56.11582213208299
413.664180857842,2036.3686488355195,46.90550509910979
496.840226428819,2004.6104403760987,41.13952915517932
551.8908601219,2278.8205003125204,-0.03697880045020295
473.184223438712,2316.1381741029822,-1.2249575816312088
394.477586755524,2353.455847893444,-2.4129363628122147
556.937957063791,2353.2491884059127,-1.7040287575147597
478.231320380603,2390.5668621963746,-2.8920075386957653
561.985054005682,2427.6778764993046,-3.371078714579316
448.345194459193,2511.4266760222326,-2.7336881064847347
505.165124232437,2469.552276260769,-3.0523834105320256
421.411390607358,2432.4412619578384,-2.5733122346484745
391.146865944752,2272.6464771223796,10.956438446837387
469.85350262794,2235.3288033319177,12.144417228018392
387.81614513398,2191.8371063513155,24.325813256486988
545.841626031828,3374.412393295444,0.009590353966788147
539.848405539821,3299.2001638493252,0.17681519966125903
533.855185047813,3223.9879344032056,0.3440400453557299
441.143590193054,3345.2535661584957,-0.018628434097816456
435.150369701047,3270.041336712376,0.14859641159665443
336.44555435428,3316.094739021547,-0.04684722216242106
428.187698632418,3483.0118605300913,-0.08033689299561343
487.014662332123,3428.7121269127674,-0.03537326951441264
382.316626493349,3399.553299775819,-0.06359205757901724
326.20404895916,3515.8363495320564,-0.041845891812476894
280.332976820091,3432.377788777784,-0.02510105639588071
224.220399285901,3548.6608385340214,-0.003354890629340359
409.221227451604,3129.6505677495575,0.05686244829836296
372.833390902942,3222.8726533855524,0.005007613067970952
471.538206249708,3176.8192510763815,0.20045124682704646
272.114824498708,-122.74427133800586,0.012233611783583738
218.701606474527,-45.4885426760117,0.022584179599385253
165.288388450346,31.767185985982472,0.03293474741518676
318.715512435894,-60.41950320198394,-0.0433345907990564
265.302294411712,16.836225460010226,-0.03298402298325489
365.316200373079,1.9052649340379855,-0.09890279338169655
328.991539846669,97.57474431767417,-0.05394270358736871
228.977633885303,112.50570484364641,0.01197606681107295
292.666879320259,193.24422370131037,-0.008982613793040866
110.259781999235,-45.48854267601169,0.014586666884704752
163.673000023416,-122.74427133800584,0.004236099068903239
217.086218047597,-200,-0.006114468746898275
55.2311755481232,-122.74427133800586,-0.0037614136457772623
108.644393572304,-200,-0.014111981461578776
0.202569097011725,-200.00000000000003,-0.022109494176259275
562.221876399892,672.941466174466,0.6564970338523834
487.490947083322,704.1256239168983,0.5219095110927587
412.760017766751,735.3097816593308,0.387321988333134
562.460852734327,741.2413212536779,0.6482289611163204
487.729923417756,772.4254789961103,0.5136414383566957
562.699829068761,809.5411763328899,0.6399608883802574
442.374789452774,599.7372800240059,0.45170326155213086
427.567403609762,667.5235308416684,0.4195126249426324
502.298332926333,636.3393730992359,0.5541001477022571
372.245833111984,540.5903489275023,0.24767933562703706
287.309490928182,549.2296686486615,0.011464773092444843
202.373148744381,557.8689883698204,-0.22474978944214738
357.438447268972,608.3765997451649,0.21548869901753864
272.502105085171,617.0159194663238,-0.020725863517053578
342.631061425961,676.1628505628273,0.18329806240804022
338.637149598461,454.60092004504605,0.0764009381074424
305.028466084938,368.61149116258963,-0.09487745941215225
253.700807414659,463.240239766205,-0.15981362442714983
469.580434822467,1187.6680285302434,-2.0406796565883134
525.122317769945,1230.885094109672,-1.3391769722139195
580.664200717423,1274.1021596891005,-0.637674287839525
528.88425475584,1146.152879330585,-1.4674563782506433
584.426137703318,1189.3699449100131,-0.7659536938762489
588.188074689214,1104.637730130926,-0.8942330999129728
558.691225069957,885.35576939126,0.592142902398695
479.712715420148,924.0546651128503,0.4180054663935707
400.734205770339,962.7535608344407,0.24386803038844654
561.965278370897,957.5110051451258,0.22971284907232112
482.986768721088,996.2099008667161,0.05557541306719686
565.239331671837,1029.6662408989916,-0.1327172042540528
446.631691805091,1112.6965392983093,-1.2791637609293938
505.935511738464,1071.1813900986504,-0.7059404825917232
423.682948787715,1037.7250500663752,-0.5176478652704736
408.751413767947,811.1243747177008,0.3395040023515715
404.742809769143,886.9389677760707,0.29168601637000907
483.721319418952,848.2400720544804,0.46582345237513323
-175.366632165772,3724.3070441248938,0.037382906983987774
-229.634969039147,3816.204696083263,-0.05724128302849926
-283.903305912521,3908.1023480416316,-0.1518654730409863
-338.171642785895,4000,-0.24648966305347333
-118.172230389788,3816.204696083263,0.0276740685119831
-172.440567263162,3908.1023480416316,-0.06695012150050393
-226.708904136537,4000,-0.16157431151299098
-60.9778286138035,3908.1023480416316,0.01796523003997843
-115.246165487178,4000,-0.07665895997250861
-60.8751475266109,3704.519325513349,0.03105236303505851
-3.68074575062648,3796.4169774717175,0.02134352456305384
53.6163371125506,3684.731606901804,0.024721819086129252
99.6399375836874,128.52926925058733,0.03248984999060238
33.9914867170288,225.2913525151922,0.032044952566018
-31.6569641496298,322.05343577979704,0.03160005514143361
163.329183018644,209.26778810825127,0.01153116938648857
97.6807321519855,306.0298713728561,0.011086271961904183
227.018428453601,290.0063069659152,-0.00942751121762525
124.363111113044,479.26380417314596,-0.1392998412476204
175.690769783322,384.6350555695306,-0.07436367623262283
46.3530734817072,400.6586199764715,-0.05384989305309339
-56.5910214059812,-125.11067699730383,-0.01595610578342925
-113.384611908974,-50.22135399460756,-0.009802717390599222
-170.178202411967,24.6679690080887,-0.0036493289977691944
-1.56241495486974,-47.854948335309636,0.0023919747470527632
-58.3560054578626,27.034374667386626,0.008545363139882791
53.4661914962417,29.400780326684547,0.020740055277534777
-124.004456324521,123.79645793199148,0.008100465715298408
-77.8307102370755,222.92494685589426,0.01985026042836601
-12.1822593704169,126.16286359128942,0.020295157852950396
-243.750625972674,93.12424830503242,-0.00514509874165739
-317.323049533381,161.58052760197614,-0.006640868485545585
-390.895473094088,230.03680689891988,-0.00813663822943378
-197.576879885228,192.25273722893522,0.006604695971410214
-271.149303445935,260.7090165258789,0.00510892622752202
-151.403133797782,291.38122615283794,0.018354490684477816
-355.801670061731,499.8749969438682,-0.034928855749329364
-247.753434757697,440.6011432225112,-0.012752552119075042
-139.705199453663,381.32728950115416,0.009423751511179287
-367.49960440585,409.92893359555217,-0.025998116576030843
-259.451369101816,350.6550798741951,-0.003821812945776512
-379.197538749969,319.982870247236,-0.01706737740273231
-417.618714948556,150.4645392929053,-0.012083616981974018
-344.046291387849,82.00825999596157,-0.010587847238085823
-270.473867827142,13.551980699017825,-0.009092077494197626
-444.341956803025,70.8922716868907,-0.016030595734514257
-370.769533242318,2.4359923899469482,-0.014534825990626058
-471.065198657493,-8.679995919123929,-0.019977574487054492
-221.462629447733,-50.22135399460753,-0.024729156627981072
-164.66903894474,-125.11067699730377,-0.030882545020811097
-107.875448441747,-200.00000000000003,-0.03703593341364113
-272.747056483498,-125.11067699730377,-0.04580898425819295
-215.953465980505,-200,-0.05196237265102297
-324.031483519264,-200,-0.06688881188840483
-373.042721898674,-136.22666530637468,-0.05125173275462138
-422.053960278084,-72.45333061274931,-0.03561465362083794
-321.758294862908,-61.337342303678426,-0.030171905124409506
-519.443732193912,-72.4533306127493,0.009364090944384361
-470.432493814502,-136.22666530637466,-0.0062729881893990825
-421.421255435092,-200,-0.021910067323182524
-567.82226573033,-136.22666530637468,0.038705756375823214
-518.811027350921,-200,0.023068677242039766
-616.200799266749,-200.00000000000003,0.06804742180726207
-535.952198836981,43.116116334668675,-0.0019096262462345195
-600.839199016469,94.91222858846128,0.016158321994585452
-665.726199195957,146.7083408422539,0.03422627023540543
-509.228956982513,122.68838394068327,0.002037352506305716
-574.115957162,174.48449619447587,0.020105300747125687
-482.505715128044,202.26065154669786,0.005984331258845954
-621.127759602906,378.2502628388218,-0.008230834081799572
-544.383664099967,328.8457775255212,-0.008199435464344308
-467.639568597027,279.4412922122205,-0.008168036846889043
-635.993906133923,301.0696221732992,0.005921534023935427
-559.249810630984,251.66513685999854,0.00595293264139069
-650.86005266494,223.88898150777652,0.02007390212967043
-455.941634252908,369.38735556053666,-0.017098776020187573
-532.685729755848,418.79184087383726,-0.017130174637642836
-444.243699908789,459.3334189088527,-0.026029515193486102
-483.088991887493,3812.3570767613787,-0.16755562711063451
-529.416694206441,3874.9047178409196,0.05925972228512246
-575.744396525388,3937.45235892046,0.2860750716808794
-622.072098844336,4000.000000000001,0.5128904210766364
-434.783208853627,3874.904717840919,-0.19386697242491413
-481.110911172575,3937.45235892046,0.032948376970842845
-527.438613491522,4000,0.25976372636659983
-386.477425819761,3937.4523589204596,-0.22017831773919372
-432.805128138709,4000,0.006637031656563245
-380.514871980253,3783.0070658825507,-0.09924278241242708
-332.209088946387,3845.5547069620907,-0.1255541277267067
-277.940752073013,3753.6570550037222,-0.030929937714219657
-692.863064329716,3837.59970277922,-0.5080448149448111
-669.266075834589,3891.733135186147,-0.16773306960432868
-645.669087339463,3945.8665675930733,0.17257867573615385
-622.938373515642,3829.1854941066067,-0.3945484190000857
-599.341385020515,3883.3189265135334,-0.0542366736596031
-553.013682701568,3820.7712854339925,-0.28105202305536003
-682.686550014857,3771.746702537346,-0.3097862354797266
-612.761859200783,3763.3324938647324,-0.19628983953500104
-542.837168386708,3754.918285192118,-0.08279344359027546
-672.510035699997,3705.893702295472,-0.11152765601464201
-602.585344885923,3697.479493622858,0.0019687399300835637
-662.333521385138,3640.040702053598,0.08673092345044259
-748.575376219754,3891.733135186147,0.7867020191298597
-804.287688109791,3945.8665675930733,2.0814488532045305
-859.999999999828,4000,3.3761956872792016
-724.978387724627,3945.8665675930733,1.1270137644703422
-780.690699614664,4000,2.421760598545013
-701.3813992295,4000,1.4673255098108247
-384.787333408042,3522.5480173518285,-0.09374490797658051
-417.554552901192,3619.151037155012,-0.11834848102126519
-450.321772394343,3715.754056958195,-0.14295205406594982
-314.980432993952,3589.801026276184,-0.05003563632305776
-347.747652487102,3686.404046079367,-0.07463920936774242
-245.173532579862,3657.0540352005387,-0.006326364669534998
-569.818125392773,3600.8764738196755,0.026572312974768225
-510.069948893558,3658.315265388935,-0.0581898705455908
-477.302729400407,3561.7122455857516,-0.033586297500906144
-140.930966559696,3603.119202858873,0.001038972327717646
-26.4394819205346,3583.3314842473283,-0.005291571621211613
88.0520027186269,3563.543765635783,-0.011622115570140874
-106.49530095362,3481.931361592852,-0.035304962328552486
7.99618368554171,3462.143642981307,-0.041635506277481735
-72.0596353475435,3360.7435203268315,-0.07164889698482262
-280.544767387876,3468.6131850101633,-0.08637957097932789
-210.737866973786,3535.8661939345184,-0.04267029932580512
-176.30220136771,3414.6783526684976,-0.07901423398207526
144.164580252816,3447.260715879546,-0.033368281336681224
200.277157787005,3330.977666123308,-0.05511444710322158
64.108761219731,3345.86059322507,-0.06338167204402209
-394.002504685989,3256.563662670877,-0.028346078699832553
-390.930780926673,3345.2251142311943,-0.05014568845874855
-387.859057167357,3433.8865657915117,-0.07194529821766453
-286.688214906507,3291.2902818895286,-0.04278035146149591
-283.616491147191,3379.9517334498455,-0.0645799612204119
-179.373925127025,3326.0169011081803,-0.05721462422315926
269.00554641353,3054.6004322994586,0.2396941402065485
201.565538472781,3121.9215090899315,0.15034740057108817
134.125530532031,3189.242585880404,0.0610006609356278
132.837149846256,3050.690148252812,0.19027430151014968
65.3971419055065,3118.011225043285,0.1009275618746893
-3.33124672101847,3185.3323018337574,0.011580822239228947
341.781219510854,3046.7798642061653,0.1408544628137508
237.953375021443,3114.100940996638,0.05150772317829045
305.393382962192,3042.8695801595186,0.09143462411735197
309.598041710676,3220.058921052409,-0.0028534505224344048
221.861786121354,3254.78554027106,-0.01728772328409775
325.689630610765,3148.8275602152894,0.037073450416627116
-466.269460097845,3207.102777800571,-0.04241621977200012
-442.18047496056,3098.1108165795945,-0.03798521738157918
-418.091489823274,2989.118855358618,-0.03355421499115824
-386.70206068544,3221.985704902332,-0.05068344471280064
-362.613075548154,3112.993743681356,-0.04625244232237969
-338.524090410869,3236.868632004094,-0.05895066965360115
-307.134661273034,3020.658606528581,0.061293450688783904
-283.045676135749,3004.8887309435995,0.013869617848812833
-227.567261860629,3113.8806921645764,0.009438615458391897
-231.209800631387,2877.42091810484,0.1153046120124067
-123.895510851905,2933.269886731729,0.04087519851062424
-175.731386356267,2949.0397623167105,0.0882990313505953
-107.002997729742,3024.952671892552,0.04977167774784857
-55.1671222253802,3130.9106519483225,-0.004589495952876288
13.5612664011448,3007.0357636255853,0.00810873137834517
550.808913578022,1578.4617688316196,10.437447926282264
473.483794678692,1619.5042849351817,20.46422913937193
396.158675779363,1660.546801038744,30.49101035246159
555.671581960927,1654.5484510850524,17.0802009830963
478.346463061598,1695.5909671886145,27.106982196185964
560.534250343833,1730.6351333384848,23.722954039910334
446.734021211194,1811.5492505769528,53.71442956085799
503.634135777513,1771.0921919577188,38.71869180038416
421.446348495279,1736.0480258078483,42.10271995665979
553.359580355552,1345.385934329529,-0.4244508065962855
470.513077046203,1373.4526433905287,-0.9127300097274402
387.666573736854,1401.519352451529,-1.4010092128585951
550.668896626369,1418.7526101493715,-0.308838034377043
467.82239331702,1446.8193192103715,-0.7971172375081977
547.978212897185,1492.1192859692144,-0.19322526215780061
393.327975098527,1574.2043181763393,19.860337164021534
470.653093997856,1533.161802072777,9.833555950931867
390.49727441769,1487.8618353139339,9.229663975581468
442.275814460596,1258.9518031706718,-1.827456175345074
414.971194098725,1330.2355778111003,-1.6142326941018346
497.817697408074,1302.1688687501003,-1.1259534909706796
371.079908344592,1885.294699129534,51.502552113232554
270.138122762075,1883.5389229130105,37.67896506140891
169.196337179557,1881.7831466964874,23.85537800958528
341.901151809958,1959.953785874265,42.29223508025935
240.959366227441,1958.1980096577415,28.468648028435716
312.722395275324,2034.6128726189963,33.08191804728615
345.792235628677,1809.7934743604294,39.89084250903435
320.504562912761,1734.2922495913251,28.27913290483616
244.850450046159,1808.037698143906,26.06725545721072
366.867895716963,2589.672269411133,-1.7434746074703191
258.4567931229,2588.9324487356394,-0.5928852366196434
150.045690528837,2588.192628060146,0.5577041342310322
340.886328713288,2666.725555874908,-0.7155419395252577
232.475226119224,2665.985735199414,0.43504743132541784
314.904761709612,2743.778842338683,0.3123907284198035
339.934091865129,2510.686855346739,-1.583098735634059
313.000288013295,2431.7014412823446,-1.4227228637977989
231.522989271066,2509.9470346712455,-0.4325093647833834
227.168506120289,2799.627810965572,0.23796131491802103
144.738970529902,2721.834703826303,0.36061801782363534
139.432250530967,2855.476779592461,0.16353190141623855
297.938441899434,2147.723537170816,22.713001163670945
211.391459475661,2184.419338761381,7.730814261205306
124.844477051888,2221.115140351946,-7.251372641260338
301.269162710207,2228.5329079418802,9.343626354021346
214.722180286434,2265.2287095324455,-5.638560548444296
304.599883520979,2309.342278712945,-4.025748455628255
223.12258477875,2387.5878721018453,-3.03553495661384
133.244881544205,2343.474302921346,-4.648347049429882
141.645286036521,2465.8334654907458,-2.0453214575994245
226.175412851551,2071.3086742095616,18.099731144820513
154.412383803667,1994.8938112483067,13.486461125970074
139.628430427778,2108.004475800127,3.1175442423548683
-124.227292705517,2032.220234742534,-9.224114566192897
-41.2033694530487,2095.1852032790052,-8.566533924548711
41.8205537994198,2158.1501718154755,-7.908953282904525
-26.419416077159,1982.0745387271852,1.802382959066493
56.6045071753094,2045.039507263656,2.4599636007106804
71.388460551199,1931.928842711836,12.828880484325886
-198.006452244549,2272.810022683079,-6.227027592651819
-77.4421881136621,2209.8450541466077,-6.884608234296006
43.1220760172246,2146.880085610137,-7.542188875940193
-168.445642628469,2324.5049050142106,-5.2026825440432996
-47.8813784975822,2261.5399364777404,-5.860263185687487
-138.884833012389,2376.1997873453433,-4.178337495434781
-42.5746584986469,2395.169185252478,-3.6240020008213625
48.4287960161599,2446.864067583611,-2.599656952212843
53.7355160150952,2517.5283478218785,-1.0209764089909057
-392.640565333092,2935.0828807135304,-0.27911122610238154
-308.055321226191,2917.1659724465635,-0.32077417247188494
-223.47007711929,2899.249064179596,-0.3624371188413884
-321.056068762251,2827.2961812675417,-0.6496570763221151
-236.47082465535,2809.3792730005744,-0.6913200226916185
-151.88558054845,2719.509481821553,-1.0202029265418486
-249.471572191411,2675.7371972344176,-0.4942339062842218
-164.88632808451,2631.964912647282,0.03173511397340515
-177.887075620571,2605.07291699615,-2.0729144495061593
23.9339594944019,2561.3006324090143,-1.5469454292485325
-59.0899637580665,2490.6363521707467,-3.1256259724704702
-142.113887010535,2765.606988413439,-0.16535100243399162
-76.9765580630843,2586.33697071682,-2.773122827185858
-160.000481315553,2630.7278077517312,-2.1888161936378543
-55.5754060347075,2675.118644786642,-1.6045095600898516
40.7347684790347,2516.291242926328,-3.2415277166021657
-68.576153570768,2560.6820799612387,-2.657221083054162
32.3343639867183,2446.2455151358354,-3.709932606018473
317.231571890087,921.6590692141491,0.12632438124090964
321.240175888892,845.844476155779,0.17414236722247212
325.248779887696,770.0298830974091,0.22196035320403462
233.728938009836,880.5645775938572,0.00878073209337271
237.73754200864,804.7499845354872,0.056598718074935196
150.226304129585,839.4700859735655,-0.10876291705416423
255.119823546906,710.8829520009056,0.017936427278940823
184.990867206116,651.736020904402,-0.18608749864615298
167.60858566785,745.6030534389837,-0.1474252078501586
-366.066329567427,734.9468628897292,0.07513170007952163
-274.503790618394,705.1579441919147,0.023124597750660777
-182.941251669362,675.3690254941,-0.02888250457820009
-91.3787127203299,645.5801067962855,-0.08088960690706094
-362.644776398861,656.5895742411088,0.0384448481365713
-271.082237449829,626.8006555432943,-0.013562254192289559
-179.519698500797,597.0117368454796,-0.06556935652115042
-359.223223230296,578.2322855924886,0.001757996193620965
-267.660684281264,548.4433668946739,-0.050249106135239904
-71.4714631967632,537.7378831241227,-0.04339305289089611
-51.5642136731965,429.89565945195983,-0.005896498874731245
-159.61244897723,489.16951317331694,-0.02807280250498558
104.455861589477,587.1060278453087,-0.17679639526378527
6.53857443457374,616.343067320797,-0.1288430010854231
87.073580051212,680.9730603798905,-0.13813410446779087
-10.8437071036917,710.2100998553788,-0.09018071028942871
69.6912985129465,774.840092914472,-0.09947181367179647
26.4458239581404,508.5008436486344,-0.09134644706925825
-621.533699074225,604.6778653131527,0.02893164075919877
-532.956356070061,569.7435758567246,0.0076448085896893905
-444.379013065896,534.8092864002965,-0.01364202357981999
-621.398385917119,529.201997821709,0.01654414914553266
-532.821042912954,494.26770836528095,-0.004742683023976722
-621.263072760013,453.72613033026545,0.004156657531866544
-447.800566234461,613.1665750489167,0.02304482836313034
-536.377909238626,648.1008645053449,0.04433166053263972
-451.222119403026,691.5238636975371,0.05973168030608068
-634.838341069924,826.3570067320069,0.1694605466715127
-545.247670569091,795.886958784581,0.13801759780751566
-455.657000068259,765.4169108371551,0.10657464894351865
-630.403460404691,752.4639595923888,0.12261757803407473
-540.812789903859,721.993911644963,0.09117462917007771
-625.968579739458,678.5709124527708,0.07577460939663674
374.442299660648,1184.5136690493996,-1.1180502475495566
279.30416449883,1181.3593095685555,-0.19542083851079986
184.166029337012,1178.2049500877117,0.7272085705279572
347.137679298777,1255.797443689828,-0.9048267663063172
251.999544136959,1252.643084208984,0.017802642732439644
319.833058936907,1327.0812183302562,-0.6916032850630777
351.493556643272,1109.5421798174655,-0.3565343518906367
328.544813625896,1034.5706905855309,0.4049815437682833
256.355421481454,1106.3878203366214,0.5660950571481203
245.042179745645,993.4761989652393,0.2874378946207464
161.539545865394,952.3817073449475,0.16989424547320953
172.852787601203,1065.2933287163296,0.44855140800058324
-748.575376219754,3813.9553574083693,-0.30310722638986587
-804.287688109791,3790.3110120375177,-0.09816963783492051
-859.999999999828,3766.6666666666665,0.10676795072002483
-804.287688109791,3868.088789815295,0.991639607684805
-859.999999999828,3844.444444444444,1.1965771962397505
-859.999999999828,3922.222222222222,2.286386441759476
-738.398861904894,3748.102357166495,-0.10484864692478127
-728.222347590035,3682.249356924621,0.09340993254030333
-794.111173794932,3724.458011795644,0.10008894163016409
-523.318741464288,3097.2729306259994,0.23724269504948617
-580.368022830731,3139.9454289525393,0.2347912498924238
-637.417304197174,3182.61792727908,0.23233980473536145
-499.229756327002,3164.5940074164714,0.14789595541402578
-556.279037693445,3207.266505743012,0.14544451025696348
-475.140771189717,3231.9150842069444,0.05854921577856546
-632.679769734591,3252.6713875699897,0.2670973326367923
-627.942235272009,3322.7248478609,0.30185486053822314
-623.204700809427,3392.778308151809,0.33661238843965396
-551.541503230863,3277.319966033922,0.1802020381583943
-546.803968768281,3347.3734263248316,0.2149595660598251
-470.403236727135,3301.9685444978545,0.09330674367999628
-636.247641001331,3475.1991061190724,0.2533185667765835
-649.290581193234,3557.6199040863353,0.17002474511351304
-543.732245008965,3436.0348778851494,0.19315995630090915
-556.775185200869,3518.4556758524122,0.10986613463783869
-464.259789208503,3479.2914476184887,0.04970752416216431
-467.331512967819,3390.6299960581714,0.0715071339210803
-859.999999999828,3533.3333333333335,0.5256444090927761
-859.999999999828,3611.1111111111118,0.3860189229685257
-859.999999999828,3688.888888888889,0.24639343684427528
-794.111173794932,3568.9024562400887,0.37933991387866495
-794.111173794932,3646.6802340178665,0.23971442775441454
-728.222347590035,3604.4715791468434,0.2330354186645538
-715.179407398131,3522.0507811795806,0.3163292403276242
-702.136467206227,3439.6299832123173,0.39962306199069464
-781.068233603028,3486.4816582728254,0.46263373554173537
-859.999999999829,3300.0000000000005,-0.566595647887472
-859.999999999829,3377.7777777777783,-0.20251562889405597
-859.999999999828,3455.5555555555557,0.16156439009936008
-781.068233603028,3330.9261027172706,-0.2655263024450967
-781.068233603028,3408.703880495048,0.09855371654831935
-702.136467206228,3361.85220543454,0.035543042997278645
-711.611536131392,3221.7452848527205,-0.033972012805582985
-785.80576806561,3260.87264242636,-0.30028383034652745
-706.87400166881,3291.79874514363,7.855150958478495E-4
-696.877270987,-40.92046601837043,0.05254681433975358
-621.606580210498,-30.173642651954935,0.028372018064150892
-546.335889433996,-19.42681928553943,0.004197221788548202
-669.985113746916,-93.94697734558031,0.057713683495589745
-594.714422970414,-83.20015397916481,0.03353888721998705
-643.092956506833,-146.97348867279018,0.0628805526514259
-686.493580389985,21.622469601837672,0.04643996630497086
-676.109889792971,84.16540522204578,0.040333118270188144
-611.222889613483,32.36929296825318,0.022265170029368172
-751.251513991276,-93.9469773455803,0.28314628287113275
-724.359356751192,-146.97348867279018,0.2883131520269689
-697.467199511109,-200.00000000000003,0.29348002118280503
-805.625756995552,-146.97348867279015,0.5137457514025119
-778.733599755469,-200,0.5189126205583481
-859.999999999828,-200,0.7443452199338911
-751.251513991276,-16.169199567802526,0.1444439273554973
-805.625756995552,-69.19571089501238,0.37504339588687646
-859.999999999828,-122.22222222222223,0.6056428644182555
-805.625756995552,8.582066882765384,0.236341040371241
-859.999999999828,-44.444444444444464,0.4669405089026201
-859.999999999828,33.3333333333333,0.32823815338698475
-740.867823394262,46.37373605240558,0.13833707932071457
-795.242066398538,71.12500250297349,0.2302341923364583
-730.484132797247,108.91667167261369,0.13223023128593187
-730.484132797247,186.69444945039146,-0.00799849122425938
-795.242066398538,148.90278028075124,0.09000546982626706
-859.999999999828,111.11111111111104,0.1880094308767935
-795.242066398538,226.680558058529,-0.05022325268392419
-859.999999999828,188.8888888888888,0.04778070836660224
-859.999999999828,266.6666666666666,-0.09244801414358901
-715.617986266231,263.8750901159141,-0.022150859329994377
-780.375919867521,303.86119872405163,-0.0643756207896592
-700.751839735214,341.0557307814367,-0.036303227435729384
-859.999999999828,344.44444444444434,-0.09995801691066859
-859.999999999828,422.2222222222221,-0.10746801967774816
-859.999999999828,499.9999999999999,-0.11497802244482773
-780.375919867521,381.6389765018294,-0.07188562355673878
-780.375919867521,459.41675427960723,-0.07939562632381834
-700.751839735214,418.83350855921447,-0.04381323020280896
-701.022466049426,569.7852435421019,-0.019038246975476732
-700.88715289232,494.30937605065816,-0.03142573858914284
-780.511233024628,534.8926217710508,-0.06700813471015224
-405.340488201532,2824.4574902330055,0.6329424978816424
-316.521936471817,2789.474820762521,0.08189402307381212
-227.703384742103,2754.492151292037,-0.46915445173401826
-401.107180578718,2745.0839837276108,-0.5024126104741908
-312.288628849004,2710.101314257126,-1.0534610852820212
-396.873872955905,2665.710477222215,-1.637767718830024
-445.959802799074,2977.8861182773076,0.3707769260982464
-366.392403386668,2973.9758342306613,0.3213570874018476
-286.825003974263,2970.0655501840142,0.2719372487054488
-425.650145500303,2901.1718042551565,0.5018597119899444
-346.082746087897,2897.26152020851,0.4524398732935456
-257.264194358183,2862.2788507380255,-0.0986086015142847
-524.946969366029,3014.479333354032,0.21576631371754673
-583.624478634212,2974.3582344086058,0.19183848722854496
-642.301987902396,2934.237135463179,0.1679106607395432
-581.996250732471,3057.1518316805727,0.21331486856048437
-640.673760000655,3017.030732735146,0.1893870420714826
-639.045532098914,3099.824330007113,0.21086342340342207
-504.637312067258,2937.7650193318814,0.3468490996092447
-484.327654768486,2861.0507053097303,0.4779318855009427
-563.314821335441,2897.6439203864547,0.3229212731202429
-376.139695107613,2134.945617099049,49.94082825100586
-310.055488611933,2215.363673847814,31.901106335525647
-243.971282116252,2295.7817305965787,13.861384420045432
-292.168894306915,2100.703822980211,30.219180645272942
-226.084687811234,2181.1218797289757,12.17945872979273
-208.198093506216,2066.4620288613723,10.497533039540022
-458.804750601045,2366.226089198877,-0.0988979971735233
-365.165525607553,2369.5506552476995,-1.4587111632606091
-271.526300614062,2372.875221296521,-2.818524329347695
-431.249732103234,2289.1325984989344,16.5810107522196
-337.610507109743,2292.4571645477563,15.221197586132517
-403.694713605424,2212.0391077989916,33.260919501612726
-436.750022178394,2439.5963830381916,-0.9903062738443013
-414.695293755743,2512.9666768775055,-1.8817145505150792
-343.110797184902,2442.9209490870135,-2.350119439931387
-627.780407832483,2702.9043203495894,0.516585109836197
-632.620934522454,2780.015258720786,0.4003602934706457
-637.461461212425,2857.1261970919827,0.28413547710509446
-553.633767955499,2743.4220436440614,0.5553709058513455
-558.47429464547,2820.532982015258,0.4391460894857942
-479.487128078515,2783.9397669385335,0.5941567018664939
-475.253820455702,2704.5662604331383,-0.5411984064893394
-471.020512832888,2625.192753927743,-1.6765535148451727
-549.400460332686,2664.0485371386662,-0.5799842025044878
-634.111948088329,2488.9089163447497,-5.591315487766187
-632.001434669713,2560.2407176796964,-3.5553486218987254
-629.890921251098,2631.5725190146427,-1.5193817560312641
-553.621487169916,2521.3849344687733,-4.65191793423941
-551.510973751301,2592.7167358037195,-2.615951068371949
-473.131026251504,2553.8609525927964,-3.7125203807126335
-517.240483096806,2407.120364914168,-1.9297038273710776
-575.676215592567,2448.014640629459,-3.7605096575686314
-495.185754674155,2480.490658753482,-2.8211121040418554
-519.298339108805,2227.168206851644,-12.770844448568726
-579.791927616565,2196.427343600779,8.133046451289466
-640.285516124326,2165.686480349914,29.036937351147664
-577.734071604566,2152.271700866023,-0.6706022791538598
-638.227660112327,2121.530837615158,20.233288620704332
-636.169804100327,2090.789974364293,41.137179520562526
-491.743320610995,2077.375194880402,11.42963989026101
-464.188302113184,2046.6343316295367,32.333530790119205
-552.236909118755,2002.4786888947813,23.52988205967588
-636.009474060404,2319.8734617497994,-4.322880147638592
-547.960867054834,2273.520834300721,-8.546862298103658
-459.912260049263,2360.7677374650902,-6.153685977836145
-631.733431996483,2314.415110016012,-10.377668128301213
-543.684824990912,2401.6620131803807,-7.984491808033699
-627.457389932562,2242.7799710498566,12.357028601754534
-709.407965392162,2525.9392775631663,-3.2547080261079833
-784.703982695995,2562.969638781583,-0.9181005644497803
-859.999999999828,2599.9999999999995,1.4185068972084227
-707.297451973547,2597.2710788981126,-1.2187411602405225
-782.59346927738,2634.301440116529,1.1178663014176808
-705.186938554931,2668.6028802330593,0.8172257056269389
-859.999999999828,2677.777777777778,0.7075729501792639
-859.999999999828,2755.5555555555557,-0.0033609968498948687
-859.999999999828,2833.3333333333335,-0.7142949438790537
-782.59346927738,2712.0792178943075,0.40693235438852204
-782.59346927738,2789.8569956720853,-0.3040015926406368
-705.186938554931,2746.380658010837,0.10629175859778009
-714.867991934873,2900.6025347532313,-0.12615787413332244
-710.027465244902,2823.491596382034,-0.009933057767771156
-787.433995967351,2866.967934043282,-0.4202264090061881
-859.999999999828,577.7777777777777,-0.23007516870575526
-859.999999999828,655.5555555555553,-0.34517231496668277
-859.999999999828,733.333333333333,-0.4602694612276103
-780.511233024627,612.6703995488285,-0.18210528097107975
-780.511233024627,690.4481773266062,-0.29720242723200724
-701.022466049426,647.5630213198795,-0.13413539323640422
-709.892227379892,795.3491155991157,-0.040449455961528304
-705.457346714659,721.4560684594976,-0.08729242459896626
-784.94611368986,764.3412244662243,-0.2503594585945693
296.907662766426,1440.2591308581227,-2.775975196275182
206.148751795998,1478.9989092647168,-4.1509411796917695
115.38984082557,1517.7386876713108,-5.525907163108356
299.738363447262,1526.601613720528,7.854697992164881
208.979452476834,1565.3413921271217,6.479732008748295
302.569064128099,1612.9440965829328,18.485371180604943
226.914951261497,1686.6895451355142,16.273493732979507
133.325339610232,1639.0868406797028,4.267854561122856
151.260838394895,1760.434993688095,14.061616285354066
229.074147966478,1365.8209967368505,-2.0665692684796646
161.240633166531,1291.3828626155778,-1.3571633406841472
138.31523699605,1404.5607751434443,-3.4415352518962514
-393.305297965575,1336.8362957910813,-4.986656891494747
-471.355995287904,1397.137093084491,-5.166406982032617
-549.406692610233,1457.4378903779009,-5.346157072570486
-387.583430346255,1283.959180556625,-3.082035070820513
-465.634127668583,1344.2599778500346,-3.2617851613583824
-381.861562726934,1231.082065322168,-1.177413250146278
-297.890761926235,1888.996999308678,80.54356309722573
-213.919961125537,1926.8242291707124,61.53900275137578
-303.612629545556,1964.6514590327467,42.53444240552583
-107.995025465281,1970.9798719054684,70.34265148181912
-33.5334033683305,2008.8071017675024,51.33809113596916
40.9282187286196,2052.9627445022584,60.14173986641248
-10.6080071978498,2018.7209503834206,40.42009226067957
63.8536148991003,1984.479156264582,20.69844465494665
86.779011069581,1936.73807778663,50.62100387608619
-323.964900821561,1818.2287715141256,53.361555135000984
-234.272232401541,1865.9698499920776,23.438995913861437
-144.579563981522,1913.7109284700296,-6.483563307278107
-254.624503677546,1747.4605437195733,26.179547172776232
-164.931835257527,1795.201622197525,-3.7430120483633145
-185.284106533531,1676.692315925021,-1.002460789448522
15.1651917058693,1570.7232304225477,-4.018091705221745
-59.2964303910807,1510.4224331291375,-3.8383416146838756
-133.758052488031,1450.1216358357278,-3.6585915241460056
-85.059457413831,1623.707773173784,-2.5102762473351334
-159.521079510781,1563.4069758803744,-2.330526156797264
-46.7716873531638,1863.5652324546807,4.542934217981285
51.0361892751943,1813.4195364393318,15.56943174324068
-67.1239586291686,1745.0559261821763,7.283485476896079
33.1006904905318,1692.0713834309395,5.775670019009468
-372.035324465124,1430.2844874362088,-1.7042058170409555
-309.784918487926,1512.420430265813,-1.4702908078434778
-247.534512510729,1594.5563730954168,-1.2363757986459998
-284.021891465176,1399.1350902211664,-2.7983561751922195
-221.771485487979,1481.2710330507703,-2.564441165994742
-196.008458465228,1367.985693006124,-3.8925065333434836
-454.491116748172,1665.720351690021,49.84813218776373
-364.755446676625,1669.3776731016878,32.89793452869298
-275.019776605078,1673.0349945133541,15.947736869622231
-427.005852653823,1587.2417302720837,32.664019519495504
-337.270182582276,1590.8990516837503,15.713821860424753
-399.520588559473,1508.7631088541461,15.479906851227273
-434.09584382064,1740.1459008962402,60.07994249091773
-413.700570893108,1814.5714501024588,70.31175279407174
-344.360173749093,1743.8032223079065,43.129744831846985
-294.714185554001,815.13471140644,0.2252519117598625
-223.362041540574,895.3225599231507,0.3753721234402033
-152.009897527148,975.5104084398614,0.5254923351205444
-203.151646604968,785.3457927086254,0.17324480943100165
-131.799502591542,865.533641225336,0.3233650211113425
-111.589107655936,755.5568740108107,0.12123770710214077
49.4809035773405,884.8168601289975,0.10265550033740527
-31.0541020392977,820.1868670699041,0.11194660371977301
-51.2644969749038,930.1636342844293,0.31407391772897475
-122.666649485903,1216.3943333406748,-3.149273815956317
-25.2796312184723,1163.517218106218,-1.244651995282082
72.1073870489585,1110.6401028717614,0.6599698253921528
-137.338273506526,1095.9523708902682,-1.3118907404178861
-39.9512552390948,1043.0752556558114,0.5927310802563485
60.7941453131495,997.7284815003794,0.381312662864779
-447.124852350763,965.3906119908341,0.41946382598868653
-420.105344756318,888.5760289571325,0.30468645068563155
-393.085837161872,811.7614459234308,0.1899090753825766
-509.69601525715,919.0460769045584,0.3361293995496286
-482.676507662705,842.2314938708568,0.22135202424657363
-572.267178163537,872.7015418182826,0.25279497311057064
-348.753200742892,968.7638774738432,0.4548066623659725
-250.38154913502,972.1371429568522,0.49014949874325836
-321.733693148446,891.9492944401414,0.34002928706291746
-506.1090635665,1007.0506199118344,0.4398992333413124
-568.680226472886,960.7060848255584,0.3565648069022545
-631.251389379273,914.3615497392826,0.27323038046319653
-565.093274782236,1048.7106278328342,0.4603346406939383
-627.664437688623,1002.3660927465585,0.3770002142548804
-624.077485997972,1090.3706357538342,0.48077004804656426
-859.999999999828,1305.624088890526,0.4330873447437549
-859.999999999828,1233.8729378449625,0.44898157917802467
-859.999999999828,1162.1217867993983,0.46487581361229446
-784.94611368986,1270.416059260351,1.1707232542226165
-784.94611368986,1198.6649082147867,1.1866174886568863
-709.892227379892,1126.9137571692227,1.2025117230911562
-706.305275689241,1235.2080296301754,1.908359163701478
-781.35916199921,1163.456878584611,1.9242533981357481
-702.718323998591,1199.9999999999998,2.6459950731803397
-859.999999999828,811.1111111111109,-0.16981176598711065
-781.35916199921,888.8888888888887,0.12064592925338909
-702.718323998591,966.6666666666666,0.4111036244938888
-859.999999999828,842.1190022440021,0.040098236645930374
-781.35916199921,919.89678002178,0.3305559318864301
-859.999999999828,873.1268933768935,0.2500082392789714
-624.15028513299,1122.2222222222222,1.901031256951523
-624.126018754651,1085.6791008068335,1.1792895819069311
-624.101752376311,1049.135979391445,0.4575479068623391
-702.76685675527,1044.4444444444443,1.156067440722706
-702.74259037693,1007.9013230290559,0.43432576567811393
-781.383428377549,961.1314363841693,0.3537780730706553
-541.904908669687,1120.5475224329405,0.055673963230319715
-541.929175048027,1192.298673478504,0.03977972879604995
-541.953441426366,1264.049824524068,0.02388549436178009
-459.732331341402,1150.7244091120463,-0.36942212158592486
-459.756597719742,1222.4755601576103,-0.3853163560201947
-377.559754013118,1180.9012957911525,-0.7945182064021693
-423.936486238215,1037.2275065909403,0.014803148525067903
-482.920697453951,1078.8875145119403,0.03523855587769379
-400.748120125666,1109.0644011910463,-0.38985752893855075
-375.71827749712,1264.0290263395048,-1.0977474099484315
-457.915121203744,1305.6032907059625,-0.6885455595664567
-540.111964910368,1347.1775550724203,-0.2793437091844818
-373.876800981122,1347.1567568878565,-1.4009766134946935
-456.073644687746,1388.7310212543146,-0.9917747631127185
-325.564834630343,1040.6007720739492,0.05014598490235381
-302.376468517795,1112.4376666740554,-0.3545146925612649
-227.193183022471,1043.9740375569584,0.08548882127963967
-285.863367981174,1316.0073596728141,-2.4951269716459574
-197.849934981226,1284.8579624577717,-3.5892773297972216
-287.704844497172,1232.8796291244619,-2.1918977680996954
-212.521559001849,1164.416000007365,-1.751894254258791
-629.469796315776,1931.2874565670234,23.073440907147045
-551.419098993447,1893.4602267049886,42.078001252997
-473.368401671118,1855.632996842954,61.082561598846944
-631.48220269899,1860.0962242392652,22.616999754618217
-553.431505376661,1822.2689943772305,41.62156010046816
-633.494609082204,1788.904991911507,22.16055860208938
-514.158947526183,1706.7818984305165,40.618940992538946
-573.826778304193,1747.8434451710116,31.389749797314163
-493.76367459865,1781.2074476367354,50.85075129569295
-629.239245032365,1378.4674791387997,-2.9444318820683995
-634.32820493174,1451.310869387073,-6.321951108880554
-639.417164831115,1524.154259635346,-9.699470335692709
-545.200924809743,1420.0209453206937,-3.656862935996636
-550.289884709118,1492.8643355689671,-7.03438216280879
-461.162604587121,1461.574411502588,-4.369293989924873
-516.13313277582,1618.5316543384629,29.998931346611588
-577.775148803467,1571.3429569869045,10.14973050545944
-575.80096355383,1659.5932010789581,20.769740151386802
-637.442979581478,1612.4045037273997,0.9205393102346546
-635.468794331841,1700.6547478194534,11.540548956162016
-488.64786868147,1540.0530329205255,12.814818678343357
-859.999999999828,1277.7777777777776,-0.4744782507683948
-859.999999999828,1355.5555555555554,-3.5949515747171294
-859.999999999828,1433.333333333333,-6.715424898665865
-781.383428377549,1312.985807407953,-1.2121141602472565
-781.383428377549,1390.7635851857308,-4.332587484195992
-702.76685675527,1348.1938370381283,-1.9497500697261183
-712.944776554019,1493.8806175346754,-8.704788523350429
-707.855816654644,1421.0372272864017,-5.327269296538273
-786.472388276924,1463.6069754340042,-7.710106711008146
-859.999999999828,1511.111111111111,-13.542323252194308
-859.999999999828,1588.8888888888887,-20.369221605722746
-859.999999999828,1666.6666666666665,-27.19611995925119
-786.472388276924,1541.384753211782,-14.53700506453659
-786.472388276924,1619.1625309895596,-21.363903418065032
-712.944776554019,1571.6583953124527,-15.53168687687887
-784.498203027287,1707.4127750816135,-10.74389377213767
-708.996406054745,1748.1588834965603,5.708332414975855
-710.970591304382,1659.9086394045066,-4.911677230951508
-859.999999999828,2911.1111111111113,-1.052885780779319
-859.999999999828,2988.888888888889,-1.3914766176795843
-859.999999999828,3066.6666666666665,-1.73006745457985
-787.433995967351,2944.74571182106,-0.7588172459064535
-787.433995967351,3022.5234895988374,-1.0974080828067188
-714.867991934873,2978.3803125310083,-0.4647487110335877
-859.999999999829,3144.444444444445,-1.342243519015724
-859.999999999829,3222.222222222222,-0.9544195834515979
-785.80576806561,3105.317086870805,-1.0759317014747793
-785.80576806561,3183.0948646485826,-0.6881077659106535
-711.611536131392,3143.9675070749427,-0.4217959483697089
-713.239764033133,3061.1739098029752,-0.44327232970164826
-859.999999999828,1899.9999999999995,-8.18588315804526
-784.498203027287,1862.9683306371687,1.9295974286662878
-708.996406054745,1825.936661274338,12.045078015377834
-859.999999999828,1822.222222222222,-14.522628758447237
-784.498203027287,1785.190552859391,-4.407148171735691
-859.999999999828,1744.4444444444443,-20.859374358849216
-706.983999671531,1897.1278936020956,12.501519167906668
-782.485796644073,1934.1595629649264,2.38603858119512
-704.971593288317,1968.3191259298537,12.9579603204355
-859.999999999828,1977.7777777777774,-8.516874506579475
-859.999999999828,2055.5555555555547,-8.847865855113689
-859.999999999828,2133.333333333333,-9.178857203647903
-782.485796644073,2011.9373407427045,2.0550472326609053
-782.485796644073,2089.7151185204825,1.7240558841266913
-704.971593288317,2046.0969037076318,12.626968971901286
-713.52367741616,2195.8899156788734,-11.573515366928454
-709.247635352239,2120.9934096932525,0.5267268024864156
-786.761838707994,2164.611624506103,-10.376186285288178
-859.999999999829,2211.1111111111113,-7.193527656786365
-859.999999999829,2288.8888888888887,-5.208198109924825
-859.999999999829,2366.666666666667,-3.2228685630632854
-786.761838707994,2242.3894022838813,-8.390856738426638
-786.761838707994,2320.167180061659,-6.405527191565099
-713.52367741616,2273.6676934566513,-9.588185820066913
-859.999999999829,2522.2222222222226,-0.1286182562154799
-784.703982695995,2485.1918610038056,-2.4652257178736825
-709.407965392162,2448.161499785389,-4.801833179531886
-859.999999999829,2444.444444444445,-1.6757434096393824
-784.703982695995,2407.414083226028,-4.012350871297586
-711.465821404161,2360.91459662102,-7.195009499799399
