% Model:              HG36,0_completo_setoresRadiado,r_F7_30mm_ext_EspFontesCruz01_Sga_Sgm.mph
% Version:            COMS,OL 5.5.0.292,
% Date:               Dec,"14 2024, 10:21",
% Dimension:          2,,
% Nodes:              1108,,
% Expressions:        1,,
% Description:        Surf,ace,
% surf3x,surf3y,Color
860.000000000112,3766.666666666666,-0.001704401105844366
805.963369897787,3786.095127774376,-0.028813568367956288
751.926739795462,3805.523588882085,-0.05592273563006821
697.890109693137,3824.9520499897944,-0.08303190289218013
860.000000000121,3844.4444444444443,0.02014925607749495
805.963369897796,3863.8729055521535,-0.006959911184616966
751.92673979547,3883.301366659862,-0.034069078446728886
860.00000000013,3922.222222222222,0.04200291326083426
805.963369897804,3941.650683329931,0.014893745998722348
860.000000000138,3999.9999999999995,0.06385657044417359
678.587484135646,3642.2341177980134,-0.10922066696093387
739.058322757135,3683.7116340875646,-0.07338191167590404
799.529161378624,3725.189150377115,-0.0375431563908742
739.058322757135,3605.9338563097867,-0.1862305499267763
799.529161378624,3647.4113725993375,-0.15039179464174646
860.000000000112,3688.8888888888887,-0.11455303935671661
799.529161378624,3569.63359482156,-0.26324043289261867
860.000000000112,3611.111111111111,-0.22740167760758886
860.000000000112,3533.333333333333,-0.34025031585846116
691.455901173973,3764.046072592534,-0.09176149091509804
745.492531276299,3744.617611484825,-0.06465232365298612
685.02169265481,3703.1400951952737,-0.10049107893801595
689.915685876393,-41.36400253749699,-0.16941739053477897
746.610457250967,-16.46489058055356,-0.07731342203231924
803.30522862554,8.434221376389864,0.014790546470140517
860.000000000113,33.33333333333329,0.10689451497260027
746.610457250973,-94.24266835833131,0.012070875596766428
803.305228625546,-69.34355640138789,0.10417484409922619
860.000000000119,-44.44444444444445,0.19627881260168595
803.305228625552,-147.12133417916561,0.19355914172831185
860.000000000125,-122.2222222222222,0.2856631102307716
860.000000000131,-199.99999999999994,0.3750474078598573
665.422851311177,-94.24266835833133,-0.1324147242433366
722.117622685756,-147.12133417916561,0.049073541888208796
778.812394060335,-199.99999999999994,0.23056180801975423
640.93001674596,-147.12133417916564,-0.09541205795189425
697.624788120539,-199.99999999999994,0.08607620817965116
616.437182180743,-199.99999999999997,-0.05840939166045189
622.416883344499,3999.9999999999995,0.087288672925474
701.611255563045,3999.9999999999995,0.07947797209837387
780.805627781592,3999.9999999999995,0.07166727127127373
647.574625460711,3941.6506833299313,0.030515147652922636
726.768997679258,3941.6506833299313,0.022704446825822497
672.732367576924,3883.3013666598627,-0.026258377619628744
860.000000000113,499.99999999999983,0.14121887686058737
860.000000000113,422.2222222222222,0.050876373892020245
860.000000000113,344.4444444444444,-0.03946612907654689
860.000000000113,266.6666666666667,-0.12980863204511403
784.470624275448,463.4927487053434,0.2660643095287872
784.470624275448,385.7149709275656,0.17572180656022002
784.470624275448,307.9371931497879,0.08537930359165288
708.941248550783,426.9854974106869,0.39090974219698693
708.941248550783,349.2077196329091,0.3005672392284198
633.411872826119,390.4782461160304,0.5157551748651867
793.543381335564,68.84075180256339,0.01618008579885377
727.086762671016,104.34817027179348,-0.07453434337489273
660.630144006467,139.85558874102358,-0.16524877254863923
860.000000000113,111.11111111111109,0.027993465966695514
793.543381335564,146.61852958034117,-0.06272096320705099
727.086762671016,182.12594804957126,-0.1534353923807975
860.000000000113,188.88888888888889,-0.05090758303920925
793.543381335564,224.39630735811897,-0.14162201221295576
651.557386946351,223.39647453269254,0.061752543255969426
642.484629886235,306.9373603243614,0.2887538590605781
718.014005610899,265.6668338412402,0.07356592342381113
680.153838586418,19.042527888676528,-0.16802785120606573
670.391991296443,79.44905831485005,-0.16663831187735248
736.848609960991,43.94163984561996,-0.07592388270360598
626.639424946975,3813.9805937908286,-0.1355536860048003
555.388740200814,3803.0091375918614,-0.1880754691174205
484.138055454652,3792.037681392895,-0.24059725223004072
601.481682830763,3872.329910460896,-0.07878016073224894
530.230998084601,3861.35845426193,-0.13130194384486915
576.32394071455,3930.6792271309646,-0.02200663545969756
620.205216427812,3753.074616393568,-0.14428327402771823
613.771007908648,3692.168638996307,-0.15301286205063616
548.95453168165,3742.103160194601,-0.1968050571403384
860.000000000112,2833.333333333333,-0.1888667192850669
786.863877970397,2862.176873383161,0.17579668263774778
713.727755940682,2891.0204134329883,0.5404600845605625
640.591633910966,2919.863953482816,0.9051234864833769
860.000000000112,2911.1111111111113,0.38012901357491136
786.863877970397,2939.9546511609387,0.7447924154977259
713.727755940682,2968.798191210766,1.1094558174205407
860.000000000112,2988.888888888889,0.9491247464348895
786.863877970397,3017.7324289387166,1.3137881483577043
860.000000000112,3066.666666666667,1.5181204792948677
860.000000000113,2599.999999999999,-0.04280105970788098
786.747737811832,2638.101938722913,0.16396506661855526
713.495475623551,2676.203877445827,0.37073119294499146
640.24321343527,2714.30581616874,0.5774973192714277
860.000000000113,2677.7777777777774,-0.09148961290027627
786.747737811832,2715.879716500691,0.11527651342615995
713.495475623551,2753.9816552236043,0.3220426397525961
860.000000000112,2755.555555555555,-0.14017816609267156
786.747737811832,2793.657494278468,0.06658796023376463
640.475493752401,2851.3445743781244,0.7959147640793941
713.611615782116,2822.5010343282966,0.43125136215657933
640.359353593835,2782.8251952734317,0.6867060416754108
860.000000000113,2366.6666666666665,0.3103175052368332
788.579595876995,2399.3740747118563,0.5341032956516019
717.159191753878,2432.0814827570453,0.7578890860663704
645.73878763076,2464.7888908022346,0.9816748764811388
860.000000000113,2444.4444444444443,0.1926113169219285
788.579595876995,2477.1518524896337,0.41639710733669705
717.159191753878,2509.8592605348226,0.6401828977514656
860.000000000113,2522.2222222222217,0.07490512860702378
788.579595876995,2554.9296302674106,0.29869091902179234
642.075071500433,2631.1335077132385,0.7122231716746648
715.327333688714,2593.0315689903246,0.5054570453482286
643.906929565597,2547.9611992577366,0.8469490240779017
860.000000000112,2133.3333333333335,0.19130468222152577
783.532498935104,2169.3898310629083,0.2604961945807879
707.064997870096,2205.446328792483,0.3296877069400499
630.597496805088,2241.502826522058,0.39887921929931197
860.000000000113,2211.1111111111113,0.2309756232266283
783.532498935104,2247.167608840686,0.3001671355858903
707.064997870096,2283.2241065702606,0.3693586479451524
860.000000000113,2288.8888888888887,0.2706465642317308
783.532498935104,2324.9453866184635,0.3398380765909928
640.69169068887,2390.3602027088423,0.7874096574205298
712.112094811987,2357.652794663653,0.5636238670057614
635.644593746979,2315.9315146154504,0.5931444383599209
860.000000000113,3300,-0.12942422055735464
790.179887290276,3334.523740144131,0.35889122184076605
720.359774580439,3369.0474802882613,0.8472066642388867
650.539661870602,3403.5712204323913,1.3355221066370075
860.000000000113,3377.7777777777783,-0.19969958565772347
790.179887290276,3412.3015179219087,0.2886158567403972
720.359774580439,3446.8252580660387,0.7769312991385178
860.000000000112,3455.5555555555557,-0.2699749507580923
790.179887290276,3490.0792956996856,0.21834049164002836
669.238210047298,3562.6798186761393,0.3723602575717132
729.709048668787,3526.3795571879127,0.29535037460587077
659.88893595895,3483.1255195542653,0.8539411821043603
784.186666798268,3103.755955142456,1.4787091085460455
708.373333596424,3140.845243618245,1.4392977377972231
632.56000039458,3177.9345320940342,1.3998863670484007
860.000000000113,3144.444444444445,0.9689389126774606
784.186666798268,3181.533732920234,0.9295275419286381
708.373333596424,3218.6230213960225,0.8901161711798156
860.000000000113,3222.222222222222,0.41975734606005294
784.186666798268,3259.3115106980113,0.38034597531123043
644.546441378595,3328.3589909862726,1.3569768601074716
714.366554088432,3293.835250842142,0.8686614177093511
638.553220886588,3253.1467615401534,1.3784316135779362
635.237211566709,3091.9110058902957,1.2349654068600593
711.050544768553,3054.821717414506,1.274376777608882
637.914422738838,3005.8874796865557,1.0700444466717183
474.058770771488,3566.4704212843626,1.7063360296609953
542.235008559541,3591.724986788913,1.1011504641203524
610.411246347593,3616.979552293463,0.4959648985797092
532.885734471192,3512.170687667039,1.5827313886529994
601.061972259245,3537.425253171589,0.9775458231123563
591.712698170897,3457.870954049715,1.4591267476450032
477.418532332543,3641.6595079872072,1.05735826903065
480.778293893597,3716.848594690051,0.40838050840030465
545.594770120595,3666.914073491757,0.4521727034900069
615.053826029077,-31.917900222309413,-0.14858070202778081
590.560991463861,-84.79656604314373,-0.11157803573633843
566.068156898644,-137.67523186397807,-0.07457536944489608
540.191966181761,-22.471797907121836,-0.12774401352078263
515.699131616545,-75.35046372795615,-0.09074134722934027
465.330106334445,-13.025695591934257,-0.10690732501378443
605.291978739102,28.488630203864115,-0.14719116269906757
530.430118891786,37.93473251905169,-0.12635447419206935
595.530131449126,88.89516063003764,-0.1458016233703543
418.72941839726,-75.35046372795615,-0.12390040724044435
469.098443679359,-137.67523186397807,-0.10773442945600017
519.467468961459,-199.99999999999997,-0.09156845167155597
372.128730460075,-137.67523186397807,-0.14089348946710425
422.497755742174,-199.99999999999997,-0.12472751168266007
325.52804252289,-199.99999999999997,-0.15788657169376416
860.000000000113,733.333333333333,0.8985852850373615
860.000000000113,655.5555555555553,0.6461298156451034
860.000000000113,577.7777777777776,0.39367434625284536
785.650935238896,702.8079916995665,1.0356660195860399
785.650935238896,625.0302139217887,0.7832105501937819
785.650935238896,547.252436144011,0.5307550808015238
711.30187047768,672.2826500657999,1.1727467541347185
711.30187047768,594.504872288022,0.9202912847424604
636.952805716463,641.7573084320333,1.309827488683397
634.592183789567,474.2379335546981,0.7804459461379234
635.772494753015,557.9976209933656,1.0451367174106603
710.121559514231,510.7451848493545,0.6556005134697236
457.182175295785,531.9510292063433,-1.3815537711043966
517.105718769344,568.5531222815733,-0.4844266845084655
577.029262242904,605.1552153568033,0.4127004020874657
515.925407805896,484.7934348429057,-0.7491174557812021
575.848951279456,521.3955279181356,0.14800963081472898
574.668640316007,437.635840479468,-0.11668114045800775
785.88991157333,771.1078467787785,0.7605760911945512
711.779823146548,808.882360224224,0.6225668973517408
637.669734719766,846.6568736696694,0.4845577035089304
860.000000000113,811.1111111111109,0.38952208845594616
785.88991157333,848.8856245565562,0.2515128946131358
711.779823146548,886.6601380020018,0.1135037007703254
860.000000000113,888.8888888888887,-0.11954110812546928
785.88991157333,926.6634023343341,-0.25755030196827966
860.000000000113,966.6666666666665,-0.6286043047068848
637.191782050897,710.0571635112453,1.0347375602919082
637.430758385331,778.3570185904574,0.7596476319004193
711.540846812114,740.5825051450119,0.8976568257432297
789.163964874271,998.8186380882001,0.17309173058277372
718.327929748429,1030.9706095097335,0.9747877658724322
647.491894622587,1063.122580931267,1.7764838011620905
860.000000000113,1044.4444444444441,-0.2854191396139225
789.163964874271,1076.5964158659776,0.516276895675736
718.327929748429,1108.748387287511,1.3179729309653945
860.000000000112,1122.2222222222217,0.057766025479039744
789.163964874271,1154.3741936437552,0.8594620607686982
860.000000000112,1199.9999999999995,0.400951190572002
644.217841321647,990.9673451774013,1.345841768611037
715.053876447488,958.8153737558677,0.5441457333213788
640.943788020706,918.8121094235353,0.9151997360599838
435.295050213916,3861.35845426193,-0.3080901716603296
386.452044973179,3930.6792271309646,-0.3755830910906184
337.609039732443,3999.9999999999995,-0.4430760105209073
481.387992843865,3930.6792271309646,-0.198794863275158
432.544987603128,3999.9999999999995,-0.26628778270544684
527.480935473813,3999.9999999999995,-0.08949955488998641
541.059956802485,351.6464115970117,0.7576840246096777
550.132713862601,268.1055258053427,0.5306827088050691
559.205470922717,184.5646400136738,0.3036813930004604
448.70804077885,312.81457707799296,0.9996128743541687
457.780797838966,229.273691286324,0.7726115585495601
356.356124755216,273.9827425589743,1.2415417240986597
423.573491782262,445.961600323887,-0.5071886060367112
482.316724292373,398.80400596044933,0.1252477092864832
389.964808268739,359.97217144143065,0.36717655903097424
429.005445808035,82.6437837917019,0.34257569135703025
392.680785281626,178.31326317533808,0.7920587077278449
494.105458365376,133.60421190268787,0.3231285421787453
445.609064000265,3036.428482113562,-8.226490404204323
507.92604279837,3083.5971654403866,-5.017698147120083
570.243021596475,3130.76584876721,-1.8089058900358415
510.603253970499,2997.573639236647,-5.182619107308424
572.920232768604,3044.742322563471,-1.9738268502241827
575.597443940733,2958.7187963597316,-2.1387478104125237
281.108633738866,3888.314629430086,0.13408305568712672
224.608227745289,3776.6292588601723,0.7112421218951607
168.107821751712,3664.943888290258,1.288401188103195
223.811550875689,3999.9999999999995,-0.4094758112743723
167.311144882112,3888.3146294300855,0.16768325493366162
110.810738888535,3776.629258860172,0.7448423211416957
110.014062018935,3999.9999999999995,-0.3758756120278374
53.5136560253579,3888.3146294300855,0.20128345418019655
-3.78342683781915,3999.9999999999995,-0.3422754127813025
378.794644220339,3749.6730836920165,0.26906889454770444
273.451232986026,3707.3084859911373,0.7787350413254496
329.951638979602,3818.993856561051,0.20157597511741557
372.075121098229,3599.294910286328,1.567024415808395
270.091471424971,3632.119399288293,1.4277128019557948
375.434882659284,3674.4839969891723,0.9180466551780497
860.000000000113,1666.6666666666667,0.22716250882669972
787.574012542098,1699.6708776072296,0.1274378569721653
715.148025084083,1732.6750885477925,0.02771320511763085
642.722037626068,1765.6792994883551,-0.07201144673690359
860.000000000113,1744.4444444444443,0.13650957926571916
787.574012542098,1777.4486553850068,0.036784927411184734
715.148025084083,1810.4528663255696,-0.06293972444334969
860.000000000112,1822.2222222222217,0.045856649704738614
787.574012542097,1855.2264331627844,-0.05386800214979583
860.000000000112,1899.9999999999993,-0.044796279856241954
860.000000000112,1433.3333333333328,-0.22074225289098784
860.000000000113,1355.5555555555552,-0.01351110506999125
860.000000000113,1277.7777777777774,0.19372004275100538
785.402027888375,1394.661963978398,0.19304674095801302
785.402027888375,1316.8841862006204,0.4002778887790096
785.402027888375,1239.1064084228424,0.6075090366000062
710.804055776638,1355.9905946234635,0.6068357348070139
710.804055776638,1278.2128168456854,0.8140668826280104
636.206083664901,1317.3192252685287,1.020624728656015
714.565992762534,1193.4806020665985,1.0660199067967024
643.729957636692,1147.8547957103542,1.5245307769933985
639.968020650796,1232.5870104894414,1.2725777528247066
782.711344159192,1468.0286397982409,-0.1848061051906812
705.422688318271,1502.723946263149,-0.1488699574903745
628.134032477351,1537.4192527280568,-0.1129338097900678
860.000000000113,1511.1111111111109,-0.07144066565175869
782.711344159192,1545.806417576019,-0.03550451795145198
705.422688318271,1580.5017240409268,4.3162974885470177E-4
860.000000000113,1588.8888888888887,0.0778609215874705
782.711344159192,1623.5841953537965,0.11379706928777719
637.859369243162,1689.5926172349225,-0.08565223442129166
710.285356701177,1656.5884062943594,0.014072417433242772
632.996700860256,1613.5059349814896,-0.09929302210567972
633.515399935718,1390.6859010883713,0.6427718825073206
630.824716206534,1464.052576908214,0.26491903635862646
708.113372047455,1429.357270443306,0.22898288865831978
559.505855040644,2887.099952147861,-0.9303418328787467
559.389714882078,2818.580573043169,-1.03955055528273
559.273574723513,2750.061193938477,-1.1487592776867133
478.420076170321,2854.3359508129056,-2.7658071522408707
478.303936011756,2785.816571708214,-2.8750158746448538
397.334297299999,2821.5719494779505,-4.601272471602996
429.517475100177,2964.8096379016915,-7.018084426670548
494.51166507041,2925.954795024776,-3.9742131297746477
413.425886200088,2893.190793689821,-5.809678449136771
475.278998311027,2590.412090086626,-7.3222778104999815
530.267070019108,2631.709998780664,-4.689019433909512
585.255141727189,2673.0079074747023,-2.0557610573190424
532.098928084271,2548.537690325162,-4.5542935815062755
587.086999792352,2589.8355990192003,-1.9210352049158053
588.918857857516,2506.6632905636984,-1.7863093525125682
449.297431307351,2667.465376550401,-6.415276030867653
423.315864303675,2744.5186630141757,-5.508274251235323
504.285503015432,2708.763285244439,-3.782017654277183
784.671187012122,1938.584370067329,0.10572262707681324
709.342374024131,1977.1687401346585,0.25624153400986843
634.01356103614,2015.7531102019882,0.4067604409429236
860.000000000112,1977.7777777777774,0.033904040836347286
784.671187012122,2016.3621478451068,0.1844229477694025
709.342374024131,2054.9465179124363,0.33494185470245763
860.000000000112,2055.555555555555,0.11260436152893652
784.671187012122,2094.1399256228847,0.2631232684619917
631.736184882106,2166.252921082035,0.40150629318051584
708.203685947114,2130.19642335246,0.33231478082125376
632.874872959123,2091.0030156420116,0.4041333670617197
636.916386566116,1932.395173297444,0.24716981171631452
712.245199554107,1893.8108032301143,0.09665090478325937
639.819212096092,1849.0372363928996,0.08757918248970549
472.02169392711,1887.0504753460566,0.07115732093263485
526.018982963453,1929.9513536313675,0.18302502760273112
580.016271999797,1972.8522319166777,0.29489273427282736
528.921808493429,1846.593416726823,0.023434398376122056
582.919097529772,1889.4942950121333,0.13530210504621829
585.821923059748,1806.136358107589,-0.024288524180390764
550.837515465163,2047.511318661409,0.44117859905287093
467.661469894185,2079.2695271208295,0.4755967571628183
384.485424323207,2111.0277355802505,0.5100149152727657
549.698827388145,2122.761224101432,0.4385515251716671
466.522781817168,2154.519432560853,0.47296968328161443
548.560139311128,2198.0111295414554,0.4359244512904632
442.842937392476,1961.7095620907883,0.21744318571267848
413.664180857842,2036.368648835519,0.36372905049272203
496.840226428819,2004.6104403760983,0.32931089238277467
551.8908601219,2278.82050031252,-1.7727338087685878
473.184223438712,2316.138174102982,-3.9443468368364876
394.477586755524,2353.4558478934437,-6.115959864904387
556.937957063791,2353.2491884059123,-1.5784685897079787
478.231320380603,2390.566862196374,-3.7500816177758782
561.985054005682,2427.677876499304,-1.3842033706473698
448.345194459193,2511.426676022232,-6.920171828634784
505.165124232437,2469.5522762607684,-4.152187599641077
421.411390607358,2432.441261957838,-6.518065846769585
391.146865944752,2272.646477122379,-3.9073016048453364
469.85350262794,2235.3288033319172,-1.7356885767774368
387.81614513398,2191.837106351315,-1.6986433447862854
545.841626031828,3374.4123932954435,-1.5780674828240429
539.848405539821,3299.200163849325,-1.5566127293535785
533.855185047813,3223.987934403205,-1.5351579758831142
441.143590193054,3345.2535661584952,-4.4916570722850935
435.150369701047,3270.0413367123756,-4.4702023188146285
336.44555435428,3316.0947390215465,-7.405246661746146
428.187698632418,3483.011860530091,-1.330858200808051
487.014662332123,3428.712126912767,-1.454462841816047
382.316626493349,3399.5532997758187,-4.368052431277097
326.20404895916,3515.836349532056,-1.4701698146606512
280.332976820091,3432.3777887777837,-4.507364045129697
224.220399285901,3548.660838534021,-1.6094814285132513
409.221227451604,3129.650567749557,-7.952742490051598
372.833390902942,3222.872653385552,-7.678994575898871
471.538206249708,3176.819251076381,-4.743950232967356
272.114824498708,-122.74427133800584,0.013867638201783938
218.701606474527,-45.48854267601169,0.18562184809733204
165.288388450346,31.767185985982465,0.35737605799288014
318.715512435894,-60.419503201983936,0.030860720428443827
265.302294411712,16.836225460010223,0.20261493032399192
365.316200373079,1.9052649340379852,0.047853802655103736
328.991539846669,97.57474431767416,0.4973368190259184
228.977633885303,112.5057048436464,0.6520979466948066
292.666879320259,193.24422370131035,0.9468198353967332
110.259781999235,-45.48854267601168,0.20392273099635055
163.673000023416,-122.74427133800583,0.03216852110080248
217.086218047597,-199.99999999999997,-0.13958568879474564
55.2311755481232,-122.74427133800584,0.050469403999820986
108.644393572304,-199.99999999999997,-0.12128480589572711
0.202569097011725,-200,-0.1029839229967086
562.221876399892,672.9414661744659,-0.7679435701994547
487.490947083322,704.1256239168982,-2.8457146290823063
412.760017766751,735.3097816593307,-4.923485687965158
562.460852734327,741.2413212536778,-1.0430334985909435
487.729923417756,772.4254789961102,-3.120804557473795
562.699829068761,809.5411763328898,-1.3181234269824325
442.374789452774,599.7372800240058,-2.5621977433913172
427.567403609762,667.5235308416683,-3.742841715678238
502.298332926333,636.3393730992358,-1.665070656795386
372.245833111984,540.5903489275022,-2.3683745387350625
287.309490928182,549.2296686486613,-3.3551953063657285
202.373148744381,557.8689883698203,-4.342016073996394
357.438447268972,608.3765997451648,-3.5490185110219827
272.502105085171,617.0159194663237,-4.535839278652649
342.631061425961,676.1628505628272,-4.729662483308903
338.637149598461,454.600920045046,-1.4940093736673772
305.028466084938,368.6114911625896,-0.6196442085996918
253.700807414659,463.2402397662049,-2.480830141298043
469.580434822467,1187.6680285302432,-3.640052703416962
525.122317769945,1230.8850941096719,-2.086493559392637
580.664200717423,1274.1021596891003,-0.5329344153683111
528.88425475584,1146.1528793305847,-1.8345405352239448
584.426137703318,1189.369944910013,-0.2809813911996191
588.188074689214,1104.6377301309258,-0.02902836703092722
558.691225069957,885.3557693912599,-2.7298498184074664
479.712715420148,924.0546651128502,-5.944257340323864
400.734205770339,962.7535608344407,-9.15866486224026
561.965278370897,957.5110051451256,-2.2992077858564133
482.986768721088,996.209900866716,-5.5136153077728105
565.239331671837,1029.6662408989914,-1.8685657533053597
446.631691805091,1112.696539298309,-5.479590089691396
505.935511738464,1071.1813900986501,-3.674077921498377
423.682948787715,1037.725050066375,-7.3191274759658285
408.751413767947,811.1243747177007,-6.335212079390193
404.742809769143,886.9389677760706,-7.746938470815227
483.721319418952,848.2400720544803,-4.532530948898829
-175.366632165772,3724.3070441248933,0.7182621798741972
-229.634969039147,3816.2046960832627,0.41363768559375813
-283.903305912521,3908.102348041631,0.10901319131331907
-338.171642785895,3999.9999999999995,-0.19561130296711995
-118.172230389788,3816.2046960832627,0.3647496489890306
-172.440567263162,3908.102348041631,0.06012515470859158
-226.708904136537,3999.9999999999995,-0.24449933957184744
-60.9778286138035,3908.102348041631,0.011237118103864076
-115.246165487178,3999.9999999999995,-0.29338737617657495
-60.8751475266109,3704.5193255133486,0.9083085159505296
-3.68074575062648,3796.416977471717,0.5547959850653631
53.6163371125506,3684.7316069018034,1.0983548520268622
99.6399375836874,128.5292692505873,-0.45326550102975455
33.9914867170288,225.29135251519216,-1.2639070600523892
-31.6569641496298,322.053435779797,-2.074548619075024
163.329183018644,209.26778810825124,-0.15854361232782802
97.6807321519855,306.02987137285606,-0.9691851713504627
227.018428453601,290.0063069659152,0.13617827637409846
124.363111113044,479.2638041731459,-3.5861935890226047
175.690769783322,384.63505556953055,-1.7250076563242531
46.3530734817072,400.65861997647147,-2.8303711040488144
-56.5910214059812,-125.1106769973038,0.1777420256260308
-113.384611908974,-50.221353994607554,0.4584679742487703
-170.178202411967,24.667969008088697,0.7391939228715096
-1.56241495486974,-47.85494833530963,0.3311953526225604
-58.3560054578626,27.034374667386622,0.6119213012452998
53.4661914962417,29.400780326684547,0.48464867961909
-124.004456324521,123.79645793199147,-0.1987202577773348
-77.8307102370755,222.92494685589423,-1.1366344384261793
-12.1822593704169,126.1628635912894,-0.3259928794035447
-243.750625972674,93.12424830503241,0.7880649546360613
-317.323049533381,161.58052760197612,0.836935986400613
-390.895473094088,230.03680689891985,0.8858070181651646
-197.576879885228,192.2527372289352,-0.1498492260127832
-271.149303445935,260.70901652587884,-0.10097819424823157
-151.403133797782,291.3812261528379,-1.0877634066616277
-355.801670061731,499.87499694386815,-5.826459187305633
-247.753434757697,440.60114322251115,-4.575822331228764
-139.705199453663,381.3272895011541,-3.3251854751518937
-367.49960440585,409.9289335955521,-3.5890371188153676
-259.451369101816,350.65507987419505,-2.3384002627384977
-379.197538749969,319.98287024723595,-1.3516150503251012
-417.618714948556,150.46453929290527,0.5874153951535337
-344.046291387849,82.00825999596155,0.5385443633889819
-270.473867827142,13.551980699017824,0.4896733316244303
-444.341956803025,70.89227168689068,0.2890237721419026
-370.769533242318,2.435992389946948,0.24015274037735093
-471.065198657493,-8.679995919123927,-0.00936785086972842
-221.462629447733,-50.221353994607526,0.356427201125264
-164.66903894474,-125.11067699730374,0.07570125250252459
-107.875448441747,-200,-0.20502469612021484
-272.747056483498,-125.11067699730374,-0.02633952062098172
-215.953465980505,-199.99999999999997,-0.3070654692437211
-324.031483519264,-199.99999999999997,-0.4091062423672274
-373.042721898674,-136.22666530637466,-0.2758601118680611
-422.053960278084,-72.4533306127493,-0.14261398136889475
-321.758294862908,-61.33734230367842,0.10690660987818458
-519.443732193912,-72.45333061274928,-0.0010730588639294232
-470.432493814502,-136.22666530637463,-0.13431918936309575
-421.421255435092,-199.99999999999997,-0.2675653198622621
-567.82226573033,-136.22666530637466,0.007221733141869574
-518.811027350921,-199.99999999999997,-0.12602439735729676
-616.200799266749,-200,0.01551652514766857
-535.952198836981,43.11611633466867,-0.09874167088641823
-600.839199016469,94.91222858846126,-0.18811549090310803
-665.726199195957,146.70834084225388,-0.27748931091979784
-509.228956982513,122.68838394068325,0.19964995212521278
-574.115957162,174.48449619447584,0.11027613210852298
-482.505715128044,202.26065154669783,0.4980415751368438
-621.127759602906,378.25026283882175,0.8623222222965854
-544.383664099967,328.84577752552116,0.8701504875861118
-467.639568597027,279.44129221222045,0.8779787528756382
-635.993906133923,301.06962217329914,0.48238504455779097
-559.249810630984,251.66513685999848,0.4902133098473175
-650.86005266494,223.8889815077765,0.10244786681899656
-455.941634252908,369.3873555605366,-1.3594433156146277
-532.685729755848,418.7918408738372,-1.367271580904154
-444.243699908789,459.33341890885265,-3.5968653841048934
-483.088991887493,3812.3570767613783,0.16058009206476695
-529.416694206441,3874.904717840919,0.05153239112151859
-575.744396525388,3937.4523589204596,-0.05751530982172977
-622.072098844336,4000,-0.16656301076497812
-434.783208853627,3874.9047178409187,0.04184962705413799
-481.110911172575,3937.4523589204596,-0.06719807388911037
-527.438613491522,3999.9999999999995,-0.17624577483235873
-386.477425819761,3937.452358920459,-0.07688083795649098
-432.805128138709,3999.9999999999995,-0.18592853889973934
-380.514871980253,3783.0070658825503,0.346474121334577
-332.209088946387,3845.55470696209,0.22774365632394805
-277.940752073013,3753.657055003722,0.532368150604387
-692.863064329716,3837.5997027792196,-0.011743211534544818
-669.266075834589,3891.7331351861467,-0.06334981127802258
-645.669087339463,3945.866567593073,-0.11495641102150035
-622.938373515642,3829.1854941066063,0.04569788966522577
-599.341385020515,3883.318926513533,-0.005908710078251998
-553.013682701568,3820.771285433992,0.10313899086499635
-682.686550014857,3771.7467025373458,0.04729426324708022
-612.761859200783,3763.332493864732,0.1047353644468508
-542.837168386708,3754.9182851921178,0.1621764656466214
-672.510035699997,3705.8937022954715,0.10633173802870527
-602.585344885923,3697.4794936228577,0.16377283922847585
-662.333521385138,3640.0407020535977,0.16536921281033032
-748.575376219754,3891.7331351861467,0.024005960337884925
-804.287688109791,3945.866567593073,0.059755132210314664
-859.999999999828,3999.9999999999995,0.09550430408274442
-724.978387724627,3945.866567593073,-0.027600639405592844
-780.690699614664,3999.9999999999995,0.008148532466836904
-701.3813992295,3999.9999999999995,-0.07920723914907062
-384.787333408042,3522.548017351828,-0.14644856923444613
-417.554552901192,3619.1510371550116,-0.04410568213470843
-450.321772394343,3715.7540569581947,0.05823720496502925
-314.980432993952,3589.8010262761836,0.1417883471351016
-347.747652487102,3686.4040460793667,0.2441312342348393
-245.173532579862,3657.0540352005382,0.43002526350464937
-569.818125392773,3600.876473819675,0.061429952128738176
-510.069948893558,3658.3152653889347,0.05983357854688372
-477.302729400407,3561.712245585751,-0.04250930855285395
-140.930966559696,3603.119202858873,-0.5300433924499728
-26.4394819205346,3583.331484247328,-0.33999705637364025
88.0520027186269,3563.5437656357826,-0.14995072029730766
-106.49530095362,3481.9313615928518,-1.7783489647741426
7.99618368554171,3462.1436429813066,-1.5883026286978101
-72.0596353475435,3360.743520326831,-3.0266545370983127
-280.544767387876,3468.613185010163,-1.1065172251890683
-210.737866973786,3535.866193934518,-0.8182803088195205
-176.30220136771,3414.678352668497,-2.0665858811436904
144.164580252816,3447.2607158795454,-3.047833336913754
200.277157787005,3330.9776661233077,-5.9457159535302
64.108761219731,3345.8605932250694,-4.486185245314257
-394.002504685989,3256.5636626708765,-2.4525120404824112
-390.930780926673,3345.225114231194,-1.6838242167330895
-387.859057167357,3433.886565791511,-0.9151363929837678
-286.688214906507,3291.290281889528,-2.643892872687712
-283.616491147191,3379.951733449845,-1.87520504893839
-179.373925127025,3326.01690110818,-2.8352737048930123
269.00554641353,3207.1027778005705,2.6967889029525054
201.565538472781,3098.110816579594,12.798824467651155
134.125530532031,2989.1188553586176,22.900860032349808
132.837149846256,3221.9857049023317,4.156319611168448
65.3971419055065,3112.9937436813557,14.258355175867099
-3.33124672101847,3236.8686320040933,5.615850319384393
341.781219510854,3020.6586065285805,2.1492930746470518
237.953375021443,3004.888730943599,12.52507655349843
305.393382962192,3113.880692164576,2.4230409887997784
309.598041710676,2877.4209181048395,4.5661050297146035
221.861786121354,2933.2698867317285,13.733482531032204
325.689630610765,2949.03976231671,3.357699052180828
-466.269460097845,3054.600432299458,-7.286213380901375
-442.18047496056,3121.921509089931,-5.674979600761721
-418.091489823274,3189.2425858804036,-4.063745820622066
-386.70206068544,3050.690148252812,-5.810673756873964
-362.613075548154,3118.0112250432844,-4.1994399767343085
-338.524090410869,3185.332301833757,-2.5882061965946535
-307.134661273034,3046.779864206165,-4.335134132846551
-283.045676135749,3114.1009409966377,-2.723900352706896
-227.567261860629,3042.869580159518,-2.859594508819139
-231.209800631387,3220.0589210524086,-2.779587028799954
-123.895510851905,3254.7855402710597,-2.9709678610052546
-175.731386356267,3148.827560215289,-2.915281184912197
-107.002997729742,3024.9526718925517,5.727223671570509
-55.1671222253802,3130.910651948322,5.67153699547745
13.5612664011448,3007.035763625585,14.314041851960157
550.808913578022,1578.4617688316193,-0.44116225490469896
473.483794678692,1619.5042849351814,-0.7693907000193301
396.158675779363,1660.5468010387438,-1.0976191451339614
555.671581960927,1654.5484510850522,-0.4275214672203109
478.346463061598,1695.5909671886143,-0.7557499123349419
560.534250343833,1730.6351333384846,-0.4138806795359228
446.734021211194,1811.5492505769525,-0.31843483442289716
503.634135777513,1771.0921919577186,-0.36615775697941
421.446348495279,1736.048025807848,-0.7080269897784293
553.359580355552,1345.3859343295287,-0.243733256379258
470.513077046203,1373.4526433905285,-1.5080912414145309
387.666573736854,1401.5193524515287,-2.772449226449804
550.668896626369,1418.7526101493713,-0.6215861025279522
467.82239331702,1446.8193192103713,-1.885944087563225
547.978212897185,1492.1192859692142,-0.9994389486766464
393.327975098527,1574.204318176339,-1.6558958389059089
470.653093997856,1533.1618020727767,-1.3276673937912775
390.49727441769,1487.8618353139336,-2.214172532677856
442.275814460596,1258.9518031706716,-3.3508515444279094
414.971194098725,1330.2355778111,-3.0616503854388566
497.817697408074,1302.1688687501,-1.797292400403584
371.079908344592,1885.2946991295337,1.3911118799697262
270.138122762075,1883.5389229130103,2.7110664390068173
169.196337179557,1881.7831466964872,4.031020998043908
341.901151809958,1959.9537858742647,1.53739774474977
240.959366227441,1958.1980096577413,2.857352303786861
312.722395275324,2034.6128726189959,1.6836836095298136
345.792235628677,1809.7934743604292,1.0015197246141943
320.504562912761,1734.292249591325,0.6119275692586621
244.850450046159,1808.0376981439058,2.3214742836512854
366.867895716963,2589.6722694111327,9.24133853942041
258.4567931229,2588.932448735639,25.8049548893408
150.045690528837,2588.1926280601456,42.36857123926119
340.886328713288,2666.7255558749075,10.148340319052737
232.475226119224,2665.9857351994137,26.71195666897313
314.904761709612,2743.7788423386824,11.055342098685067
339.934091865129,2510.6868553467384,9.643444521285607
313.000288013295,2431.701441282344,10.045550503150807
231.522989271066,2509.947034671245,26.207060871206
227.168506120289,2799.6278109655714,20.222719600002666
144.738970529902,2721.8347038263028,35.87933417029073
139.432250530967,2855.4767795924604,29.39009710132027
297.938441899434,2147.7235371708157,-3.5197186505396627
211.391459475661,2184.4193387613805,-7.5494522163520905
124.844477051888,2221.1151403519457,-11.579185782164517
301.269162710207,2228.53290794188,-5.728376910598714
214.722180286434,2265.228709532445,-9.758110476411142
304.599883520979,2309.3422787129443,-7.937035170657764
223.12258477875,2387.587872101845,8.224475197397428
133.244881544205,2343.4743029213455,6.40339989164405
141.645286036521,2465.8334654907453,24.385985565452625
226.175412851551,2071.308674209561,-2.3460499562826147
154.412383803667,1994.8938112483065,-1.172381262025567
139.628430427778,2108.0044758001263,-6.375783522095043
-124.227292705517,2032.2202347425336,1.531950016272065
-41.2033694530487,2095.185203279005,-2.838428583206796
41.8205537994198,2158.150171815475,-7.208807182685658
-26.419416077159,1982.074538727185,2.36497367686268
56.6045071753094,2045.0395072636557,-2.005404922616181
71.388460551199,1931.928842711836,3.197997337453294
-198.006452244549,2935.08288071353,23.04381775227324
-77.4421881136621,2917.165972446563,31.63063593266289
43.1220760172246,2899.2490641795957,40.21745411305254
-168.445642628469,2827.296181267541,48.947230013365626
-47.8813784975822,2809.379273000574,57.534048193755275
-138.884833012389,2719.5094818215525,74.850642274458
-42.5746584986469,2675.737197234417,64.02328526272575
48.4287960161599,2765.6069884134386,46.70669118202301
53.7355160150952,2631.9649126472814,53.19592825099347
-392.640565333092,2586.3369707168195,-5.341436248927097
-308.055321226191,2630.727807751731,21.38925659220127
-223.47007711929,2675.1186447866417,48.11994943332964
-321.056068762251,2516.2912429263274,-4.479277795732903
-236.47082465535,2560.6820799612383,22.251415045395465
-151.88558054845,2605.072916996149,48.982107886523835
-249.471572191411,2446.245515135835,-3.617119342538709
-164.88632808451,2490.636352170746,23.11357349858966
-177.887075620571,2376.199787345343,-2.754960889344516
23.9339594944019,2272.8100226830784,-8.637777484557853
-59.0899637580665,2209.8450541466073,-4.267398885078991
-142.113887010535,2146.8800856101366,0.1029797143998716
-76.9765580630843,2324.50490501421,-5.696369186951183
-160.000481315553,2261.53993647774,-1.325990587472322
-55.5754060347075,2561.300632409014,38.15475087479156
40.7347684790347,2517.528347821878,27.327393863059292
-68.576153570768,2446.8640675836104,12.286216486857388
32.3343639867183,2395.1691852524777,9.344808189250719
317.231571890087,921.659069214149,4.731740227016792
321.240175888892,845.8444761557789,6.143466618441827
325.248779887696,770.029883097409,7.55519300986686
233.728938009836,880.564577593857,18.622145316273844
237.73754200864,804.7499845354871,20.03387170769888
150.226304129585,839.4700859735653,32.5125504055309
255.119823546906,710.8829520009054,7.749016214523115
184.990867206116,651.7360209044019,7.94283941917937
167.60858566785,745.6030534389836,20.227694912355133
-366.066329567427,734.9468628897291,-4.821064511249389
-274.503790618394,705.1579441919146,-2.089092548228823
-182.941251669362,675.3690254940999,0.6428794147917425
-91.3787127203299,645.5801067962853,3.3748513778123086
-362.644776398861,656.5895742411087,-5.156196069934804
-271.082237449829,626.8006555432942,-2.424224106914238
-179.519698500797,597.0117368454795,0.30774785610632827
-359.223223230296,578.2322855924884,-5.491327628620218
-267.660684281264,548.4433668946738,-2.759355665599652
-71.4714631967632,537.7378831241226,1.558384712183198
-51.5642136731965,429.8956594519598,-0.2580819534459129
-159.61244897723,489.1695131733169,-1.5087188095227826
104.455861589477,587.1060278453086,-1.7697269233934936
6.53857443457374,616.3430673207969,0.8025622272094077
87.073580051212,680.9730603798904,10.51512856978227
-10.8437071036917,710.2100998553786,13.087417720385172
69.6912985129465,774.8400929144719,22.79998406295804
26.4458239581404,508.50084364863426,-1.0139044384197031
-621.533699074225,604.6778653131526,1.2885612243509446
-532.956356070061,569.7435758567245,-1.0831122462012481
-444.379013065896,534.8092864002964,-3.454785716753441
-621.398385917119,529.2019978217089,1.1464815569994915
-532.821042912954,494.2677083652809,-1.2251919135527012
-621.263072760013,453.7261303302654,1.0044018896480384
-447.800566234461,613.1665750489166,-3.119654158068026
-536.377909238626,648.1008645053448,-0.7479806875158335
-451.222119403026,691.523863697537,-2.784522599382611
-634.838341069924,826.3570067320068,0.8764136709410976
-545.247670569091,795.8869587845809,-1.022745723122398
-455.657000068259,765.416910837155,-2.9219051171858936
-630.403460404691,752.4639595923887,1.0137961887443798
-540.812789903859,721.9939116449629,-0.8853632053191156
-625.968579739458,678.5709124527707,1.1511787065476622
374.442299660648,1184.5136690493994,8.178804617708895
279.30416449883,1181.3593095685553,19.997661938834753
184.166029337012,1178.2049500877115,31.816519259960614
347.137679298777,1255.7974436898278,8.468005776697948
251.999544136959,1252.6430842089837,20.286863097823808
319.833058936907,1327.081218330256,8.757206935687002
351.493556643272,1109.5421798174652,6.339267231434462
328.544813625896,1034.5706905855307,4.499729845160029
256.355421481454,1106.3878203366212,18.15812455256032
245.042179745645,993.4761989652392,18.39013493441708
161.539545865394,952.3817073449474,32.280540023674135
172.852787601203,1065.2933287163294,32.048529641817375
-748.575376219754,3813.955357408369,0.026018805903465697
-804.287688109791,3790.3110120375172,0.06378082334147621
-859.999999999828,3766.666666666666,0.10154284077948673
-804.287688109791,3868.0887898152946,0.06176797777589545
-859.999999999828,3844.444444444444,0.09952999521390596
-859.999999999828,3922.2222222222217,0.09751714964832518
-738.398861904894,3748.1023571664946,0.08505628068509075
-728.222347590035,3682.2493569246208,0.14409375546671577
-794.111173794932,3724.4580117956434,0.12281829812310126
-523.318741464288,3097.272930625999,-4.38574276975682
-580.368022830731,3139.945428952539,-1.4852721586122635
-637.417304197174,3182.6179272790796,1.415198452532293
-499.229756327002,3164.594007416471,-2.774508989617165
-556.279037693445,3207.2665057430117,0.12596162152739182
-475.140771189717,3231.915084206944,-1.1632752094775096
-632.679769734591,3252.6713875699893,1.1503790536212333
-627.942235272009,3322.7248478608994,0.8855596547101731
-623.204700809427,3392.7783081518087,0.620740255799113
-551.541503230863,3277.3199660339214,-0.13885777738366825
-546.803968768281,3347.373426324831,-0.40367717629472843
-470.403236727135,3301.968544497854,-1.42809460838857
-636.247641001331,3475.199106119072,0.4689499081361854
-649.290581193234,3557.619904086335,0.3171595604732579
-543.732245008965,3436.034877885149,0.3650106474545933
-556.775185200869,3518.455675852412,0.21322029979166576
-464.259789208503,3479.2914476184883,0.10928103911007359
-467.331512967819,3390.629996058171,-0.6594067846392481
-859.999999999828,3533.333333333333,0.2836519257630176
-859.999999999828,3611.1111111111113,0.22294889743517401
-859.999999999828,3688.8888888888887,0.16224586910733038
-794.111173794932,3568.902456240088,0.2442243547787885
-794.111173794932,3646.680234017866,0.1835213264509449
-728.222347590035,3604.471579146843,0.2047967837945594
-715.179407398131,3522.05078117958,0.3565871314574869
-702.136467206227,3439.629983212317,0.5083774791204144
-781.068233603028,3486.481658272825,0.39601470244171605
-859.999999999829,3300,-0.18896288138915138
-859.999999999829,3377.777777777778,-0.031424612338428394
-859.999999999828,3455.555555555555,0.1261136567122946
-781.068233603028,3330.92610271727,0.08093816434027004
-781.068233603028,3408.7038804950475,0.23847643339099303
-702.136467206228,3361.8522054345394,0.3508392100696915
-711.611536131392,3221.74528485272,0.8804780078918117
-785.80576806561,3260.8726424263596,0.34575756325133017
-706.87400166881,3291.7987451436297,0.6156586089807515
-696.877270987,-40.920466018370426,-0.001353871525305125
-621.606580210498,-30.173642651954932,-0.004025197973446223
-546.335889433996,-19.426819285539427,-0.00669652442158732
-669.985113746916,-93.9469773455803,0.004269594032352774
-594.714422970414,-83.2001539791648,0.0015982675842116756
-643.092956506833,-146.97348867279015,0.009893059590010673
-686.493580389985,21.62246960183767,-0.09339901799013602
-676.109889792971,84.16540522204576,-0.18544416445496692
-611.222889613483,32.36929296825317,-0.09607034443827712
-751.251513991276,-93.94697734558028,0.04653032698153505
-724.359356751192,-146.97348867279015,0.05215379253919295
-697.467199511109,-200,0.05777725809685085
-805.625756995552,-146.97348867279013,0.09441452548837523
-778.733599755469,-199.99999999999997,0.10003799104603313
-859.999999999828,-199.99999999999997,0.14229872399521543
-751.251513991276,-16.169199567802522,0.03152410896627387
-805.625756995552,-69.19571089501237,0.07940830747311403
-859.999999999828,-122.22222222222221,0.12729250597995423
-805.625756995552,8.582066882765382,0.06440208945785285
-859.999999999828,-44.44444444444446,0.11228628796469303
-859.999999999828,33.33333333333329,0.09728006994943185
-740.867823394262,46.373736052405576,-0.06052103749855703
-795.242066398538,71.12500250297347,-0.027643057006978056
-730.484132797247,108.91667167261367,-0.15256618396338795
-730.484132797247,186.69444945039143,-0.1939911014394233
-795.242066398538,148.90278028075122,-0.06906797448301337
-859.999999999828,111.11111111111103,0.05585515247339654
-795.242066398538,226.68055805852896,-0.11049289195904867
-859.999999999828,188.88888888888877,0.014430234997361242
-859.999999999828,266.6666666666665,-0.02699468247867406
-715.617986266231,263.875090115914,0.18594607629937113
-780.375919867521,303.8611987240516,0.2694442857797457
-700.751839735214,341.05573078143664,0.5658832540381655
-859.999999999828,344.4444444444443,-0.08275564046384319
-859.999999999828,422.22222222222206,-0.1385165984490123
-859.999999999828,499.99999999999983,-0.19427755643418143
-780.375919867521,381.63897650182935,0.2136833277945766
-780.375919867521,459.4167542796072,0.1579223698094075
-700.751839735214,418.8335085592144,0.5101222960529964
-701.022466049426,569.7852435421017,0.7942816307559024
-700.88715289232,494.3093760506581,0.6522019634044495
-780.511233024628,534.8926217710507,0.3000020371608605
-405.340488201532,2824.457490233005,1.7035117917079325
-316.521936471817,2789.4748207625207,26.085888619291293
-227.703384742103,2754.4921512920364,50.46826544687465
-401.107180578718,2745.0839837276103,-0.6448042218370771
-312.288628849004,2710.1013142571255,23.737572605746283
-396.873872955905,2665.710477222215,-2.9931202353820865
-445.959802799074,2977.886118277307,-4.28963832336494
-366.392403386668,2973.975834230661,-2.8140986993375274
-286.825003974263,2970.065550184014,-1.3385590753101146
-425.650145500303,2901.171804255156,-1.293063265828504
-346.082746087897,2897.2615202085094,0.182476358198909
-257.264194358183,2862.278850738025,24.56485318578227
-524.946969366029,3014.4793333540315,-4.691091584732354
-583.624478634212,2974.3582344086053,-2.095969788563332
-642.301987902396,2934.2371354631787,0.4991520076056899
-581.996250732471,3057.1518316805723,-1.790620973587798
-640.673760000655,3017.0307327351456,0.8045008225812242
-639.045532098914,3099.8243300071126,1.1098496375567586
-504.637312067258,2937.765019331881,-1.694516527195918
-484.327654768486,2861.05070530973,1.3020585303405183
-563.314821335441,2897.6439203864543,0.9006052689731041
-376.139695107613,2134.9456170990484,-1.1580541727126044
-310.055488611933,2215.3636738478135,-1.6903564115899081
-243.971282116252,2295.781730596578,-2.2226586504672117
-292.168894306915,2100.7038229802106,-0.26138610971771464
-226.084687811234,2181.1218797289753,-0.7936883485950181
-208.198093506216,2066.462028861372,0.6352819532771752
-458.804750601045,2366.2260891988767,-7.1610857962072405
-365.165525607553,2369.550655247699,-5.692377493919666
-271.526300614062,2372.8752212965205,-4.223669191632091
-431.249732103234,2289.132598498934,-5.160075255042362
-337.610507109743,2292.457164547756,-3.691366952754787
-403.694713605424,2212.039107798991,-3.159064713877483
-436.750022178394,2439.596383038191,-6.554535947113859
-414.695293755743,2512.966676877505,-5.947986098020478
-343.110797184902,2442.920949087013,-5.085827644826284
-627.780407832483,2702.904320349589,-0.43901942786359655
-632.620934522454,2780.0152587207854,-0.126295616040501
-637.461461212425,2857.1261970919822,0.18642819578259445
-553.633767955499,2743.422043644061,0.2751576453269132
-558.47429464547,2820.5329820152574,0.5878814571500086
-479.487128078515,2783.939766938533,0.9893347185174228
-475.253820455702,2704.566260433138,-1.3589812950275868
-471.020512832888,2625.1927539277426,-3.707297308572597
-549.400460332686,2664.048537138666,-2.0731583682180967
-634.111948088329,2488.9089163447493,0.4447089454505116
-632.001434669713,2560.240717679696,0.15013282101247566
-629.890921251098,2631.5725190146422,-0.14444330342556042
-553.621487169916,2521.384934468773,-1.4840061193420246
-551.510973751301,2592.716735803719,-1.7785822437800607
-473.131026251504,2553.860952592796,-3.4127211841345604
-517.240483096806,2407.1203649141676,-4.625820882321323
-575.676215592567,2448.0146406294584,-2.090555968435406
-495.185754674155,2480.4906587534815,-4.019271033227942
-519.298339108805,2319.873461749799,-4.214289134657427
-579.791927616565,2273.520834300721,-1.267492473107615
-640.285516124326,2227.1682068516434,1.6793041884421986
-577.734071604566,2360.76773746509,-1.6790242207715105
-638.227660112327,2314.4151100160116,1.2677724407783029
-636.169804100327,2401.66201318038,0.8562406931144071
-491.743320610995,2242.779971049856,-2.2132785934925487
-464.188302113184,2165.6864803499134,-0.2122680523276701
-552.236909118755,2196.427343600778,0.7335180680572642
-636.009474060404,2152.2717008660225,1.2268352550592703
-547.960867054834,2121.5308376151575,0.2810491346743359
-459.912260049263,2090.7899743642924,-0.6647369857105984
-631.733431996483,2077.3751948804015,0.7743663216763418
-543.684824990912,2046.6343316295363,-0.1714197987085924
-627.457389932562,2002.4786888947808,0.3218973882934136
-709.407965392162,2525.939277563166,0.44027346817320046
-784.703982695995,2562.9696387815825,0.43583799089588937
-859.999999999828,2599.999999999999,0.43140251361857823
-707.297451973547,2597.271078898112,0.1456973437351645
-782.59346927738,2634.3014401165287,0.14126186645785332
-705.186938554931,2668.602880233059,-0.14887878070287155
-859.999999999828,2677.7777777777774,0.28365440247811047
-859.999999999828,2755.555555555555,0.13590629133764268
-859.999999999828,2833.333333333333,-0.01184181980282512
-782.59346927738,2712.079217894307,-0.006486244682614437
-782.59346927738,2789.856995672085,-0.15423435582308223
-705.186938554931,2746.3806580108367,-0.29662689184333935
-714.867991934873,2900.602534753231,0.32882073180285154
-710.027465244902,2823.4915963820335,0.016096919979756145
-787.433995967351,2866.9679340432817,0.15848945600001324
-859.999999999828,577.7777777777776,-0.14643416679503526
-859.999999999828,655.5555555555552,-0.09859077715588907
-859.999999999828,733.3333333333329,-0.05074738751674287
-780.511233024627,612.6703995488284,0.3478454268000067
-780.511233024627,690.4481773266061,0.3956888164391529
-701.022466049426,647.5630213198793,0.8421250203950486
-709.892227379892,795.3491155991156,0.567359984788484
-705.457346714659,721.4560684594975,0.7047425025917664
-784.94611368986,764.3412244662242,0.2583062986358706
296.907662766426,1440.2591308581225,-5.120152579223263
206.148751795998,1478.9989092647165,-7.467855931996723
115.38984082557,1517.7386876713106,-9.815559284770183
299.738363447262,1526.6016137205277,-4.5618758854513155
208.979452476834,1565.3413921271215,-6.909579238224776
302.569064128099,1612.9440965829326,-4.003599191679369
226.914951261497,1686.689545135514,-2.294052477286745
133.325339610232,1639.0868406797026,-5.200032523832153
151.260838394895,1760.4349936880947,-0.5845057628941218
229.074147966478,1365.8209967368502,6.409503582913542
161.240633166531,1291.3828626155778,17.939159745050347
138.31523699605,1404.560775143444,4.061800230140083
-393.305297965575,1888.9969993086777,0.8440445671916458
-471.355995287904,1926.8242291707122,0.6699955075589017
-549.406692610233,1964.6514590327465,0.4959464479261576
-387.583430346255,1970.9798719054681,0.17667832055689572
-465.634127668583,2008.807101767502,0.0026292609241516758
-381.861562726934,2052.962744502258,-0.4906879260778544
-297.890761926235,2018.7209503834201,0.40598013691703544
-213.919961125537,1984.4791562645817,1.3026481999119253
-303.612629545556,1936.7380777866297,1.0733463835517854
-107.995025465281,1336.836295791081,25.460417182124957
-33.5334033683305,1397.1370930844907,13.701758359826577
40.9282187286196,1457.4378903779007,1.943099537528197
-10.6080071978498,1283.9591805566247,27.579117874736845
63.8536148991003,1344.2599778500344,15.820459052438464
86.779011069581,1231.0820653221679,29.697818567348726
-323.964900821561,1818.2287715141254,-0.4152326595782161
-234.272232401541,1865.9698499920773,-0.1859308432180763
-144.579563981522,1913.7109284700293,0.04337097314206353
-254.624503677546,1747.460543719573,-1.674509886348078
-164.931835257527,1795.2016221975248,-1.4452080699879382
-185.284106533531,1676.6923159250207,-2.93378711311794
15.1651917058693,1570.7232304225474,-7.521635227552769
-59.2964303910807,1510.4224331291373,4.23702359474561
-133.758052488031,1450.1216358357276,15.995682417043989
-85.059457413831,1623.7077731737838,-5.227711170335355
-159.521079510781,1563.4069758803741,6.530947651963025
-46.7716873531638,1863.5652324546804,0.8763946337326782
51.0361892751943,1813.4195364393315,1.7094182943232927
-67.1239586291686,1745.055926182176,-0.6121844093973237
33.1006904905318,1692.0713834309392,-2.906108466614738
-372.035324465124,1430.2844874362086,-3.4724615901761653
-309.784918487926,1512.4204302658127,-3.2929034311567564
-247.534512510729,1594.5563730954166,-3.113345272137348
-284.021891465176,1399.1350902211661,6.171831333924208
-221.771485487979,1481.27103305077,6.351389492943616
-196.008458465228,1367.9856930061237,15.816124258024582
-454.491116748172,1665.7203516900208,-0.0758840449340325
-364.755446676625,1669.3776731016876,-1.028518400995335
-275.019776605078,1673.034994513354,-1.9811527570566374
-427.005852653823,1587.2417302720835,-1.2080765600147432
-337.270182582276,1590.89905168375,-2.1607109160760456
-399.520588559473,1508.763108854146,-2.340269075095454
-434.09584382064,1740.14590089624,0.2307588257745269
-413.700570893108,1814.5714501024586,0.5374016964830863
-344.360173749093,1743.8032223079063,-0.7218755302867755
-294.714185554001,815.1347114064399,15.478029708072777
-223.362041540574,895.3225599231506,35.777123927394946
-152.009897527148,975.5104084398613,56.07621814671712
-203.151646604968,785.3457927086253,18.210001671093345
-131.799502591542,865.5336412253359,38.509095890415516
-111.589107655936,755.5568740108106,20.941973634113907
49.4809035773405,884.8168601289974,40.36710631925964
-31.0541020392977,820.186867069904,30.654539976686774
-51.2644969749038,930.1636342844292,48.22166223298838
-122.666649485903,1216.3943333406746,35.66568417032234
-25.2796312184723,1163.5172181062178,37.78438486293423
72.1073870489585,1110.6401028717612,39.90308555554611
-137.338273506526,1095.952370890268,45.87095115851973
-39.9512552390948,1043.0752556558111,47.98965185113161
60.7941453131495,997.7284815003793,40.13509593740287
-447.124852350763,965.390611990834,-0.03589145237946054
-420.105344756318,888.5760289571324,-1.6309491386694368
-393.085837161872,811.7614459234306,-3.2260068249594127
-509.69601525715,919.0460769045583,0.2682102553940588
-482.676507662705,842.2314938708566,-1.3268474308959173
-572.267178163537,872.7015418182825,0.5723119631675782
-348.753200742892,968.7638774738431,18.66814508065273
-250.38154913502,972.1371429568521,37.37218161368492
-321.733693148446,891.9492944401413,17.073087394362755
-506.1090635665,1007.0506199118341,0.07809505589795493
-568.680226472886,960.7060848255583,0.38219676367147426
-631.251389379273,914.3615497392825,0.6862984714449936
-565.093274782236,1048.710627832834,0.19208156417537045
-627.664437688623,1002.3660927465583,0.4961832719488898
-624.077485997972,1090.370635753834,0.30606807245278594
-859.999999999828,811.1111111111107,-0.060759266363084874
-859.999999999828,888.8888888888886,-0.07077114520942687
-859.999999999828,966.6666666666665,-0.08078302405576887
-784.94611368986,842.119002244002,0.2482944197895286
-784.94611368986,919.8967800217799,0.23828254094318663
-709.892227379892,873.1268933768933,0.5573481059421421
-706.305275689241,961.1314363841692,0.36723290644603823
-781.35916199921,1007.9013230290557,0.04816734144708273
-702.718323998591,1049.1359793914448,0.17711770694993434
-859.999999999828,1199.9999999999995,0.013538014385171904
-781.35916199921,1163.456878584611,0.11104803374104324
-702.718323998591,1126.9137571692224,0.2085580530969146
-859.999999999828,1122.222222222222,-0.017902331761808353
-781.35916199921,1085.6791008068333,0.07960768759406298
-859.999999999828,1044.4444444444441,-0.04934267790878861
-624.15028513299,1305.6240888905259,1.7827651373224704
-624.126018754651,1233.8729378449623,1.2905327823659087
-624.101752376311,1162.121786799398,0.7983004274093474
-702.76685675527,1270.4160592603507,1.1930227630100374
-702.74259037693,1198.6649082147865,0.700790408053476
-781.383428377549,1235.2080296301751,0.6032803886976047
-541.904908669687,1120.5475224329402,-4.237947812966441
-541.929175048027,1192.298673478504,-3.7457154580098795
-541.953441426366,1264.0498245240678,-3.253483103053319
-459.732331341402,1150.724409112046,-8.781963698385669
-459.756597719742,1222.47556015761,-8.289731343429107
-377.559754013118,1180.9012957911523,-13.325979583804896
-423.936486238215,1037.22750659094,-4.465920829521273
-482.920697453951,1078.88751451194,-4.351934321243857
-400.748120125666,1109.064401191046,-8.895950206663084
-375.71827749712,1264.0290263395045,-10.041473585928651
-457.915121203744,1305.6032907059623,-5.005225345552864
-540.111964910368,1347.17755507242,0.031022894822925355
-373.876800981122,1347.1567568878563,-6.756967588052408
-456.073644687746,1388.7310212543143,-1.7207193476766196
-325.564834630343,1040.600772073949,14.23811570351092
-302.376468517795,1112.4376666740552,9.808086326369107
-227.193183022471,1043.9740375569581,32.94215223654311
-285.863367981174,1316.007359672814,2.8873253360479647
-197.849934981226,1284.8579624577715,12.531618260148338
-287.704844497172,1232.8796291244616,-0.39718066182827905
-212.521559001849,1164.4160000073648,22.736885248345725
-629.469796315776,1931.2874565670231,0.16999748824304142
-551.419098993447,1893.4602267049884,0.3440465478757855
-473.368401671118,1855.6329968429538,0.5180956075085296
-631.48220269899,1860.096224239265,0.018097588192669285
-553.431505376661,1822.2689943772302,0.19214664782541335
-633.494609082204,1788.9049919115068,-0.13380231185770286
-514.158947526183,1706.7818984305163,-0.09519013390858928
-573.826778304193,1747.8434451710114,-0.11449622288314608
-493.76367459865,1781.2074476367352,0.21145273679997015
-629.239245032365,1378.4674791387995,1.2070840253599107
-634.32820493174,1451.3108693870727,0.6314029133973511
-639.417164831115,1524.1542596353459,0.0557218014347915
-545.200924809743,1420.0209453206935,-0.5446582171396341
-550.289884709118,1492.864335568967,-1.1203393291021937
-461.162604587121,1461.5744115025877,-2.296400459639179
-516.13313277582,1618.5316543384627,-0.03201542947775784
-577.775148803467,1571.3429569869043,0.01185318597851683
-575.80096355383,1659.593201078958,-0.05132151845231462
-637.442979581478,1612.4045037273995,-0.007452902996039951
-635.468794331841,1700.6547478194532,-0.0706276074268714
-488.64786868147,1540.0530329205253,-1.1642079445584685
-859.999999999828,1277.7777777777774,0.1708830309050438
-859.999999999828,1355.5555555555552,0.32822804742491574
-859.999999999828,1433.3333333333328,0.4855730639447877
-781.383428377549,1312.9858074079527,0.7606254052174766
-781.383428377549,1390.7635851857306,0.9179704217373486
-702.76685675527,1348.193837038128,1.3503677795299094
-712.944776554019,1493.8806175346751,0.19900555560479022
-707.855816654644,1421.0372272864015,0.7746866675673497
-786.472388276924,1463.606975434004,0.342289309774789
-859.999999999828,1511.1111111111109,0.38050512565161976
-859.999999999828,1588.8888888888885,0.27543718735845163
-859.999999999828,1666.6666666666663,0.17036924906528364
-786.472388276924,1541.3847532117818,0.23722137148162098
-786.472388276924,1619.1625309895594,0.1321534331884529
-712.944776554019,1571.6583953124525,0.09393761731162222
-784.498203027287,1707.4127750816133,0.06897872875762148
-708.996406054745,1748.15888349656,-0.03241179155004069
-710.970591304382,1659.9086394045064,0.030762912880790767
-859.999999999828,2911.111111111111,-0.1011246258181057
-859.999999999828,2988.8888888888887,-0.1904074318333863
-859.999999999828,3066.666666666666,-0.2796902378486669
-787.433995967351,2944.7457118210596,0.06920664998473262
-787.433995967351,3022.523489598837,-0.02007615603054795
-714.867991934873,2978.380312531008,0.239537925787571
-859.999999999829,3144.4444444444443,-0.24944778569549506
-859.999999999829,3222.2222222222217,-0.21920533354232322
-785.80576806561,3105.3170868708044,0.28527265894498643
-785.80576806561,3183.094864648582,0.3155151110981582
-711.611536131392,3143.967507074942,0.8502355557386398
-713.239764033133,3061.173909802975,0.5448867407631054
-859.999999999828,1899.9999999999993,0.18785368133357894
-784.498203027287,1862.9683306371685,0.080635016936485
-708.996406054745,1825.9366612743377,-0.026583647460608924
-859.999999999828,1822.2222222222217,0.18202553724414716
-784.498203027287,1785.1905528593907,0.07480687284705324
-859.999999999828,1744.4444444444441,0.17619739315471541
-706.983999671531,1897.1278936020954,0.1253162525897632
-782.485796644073,1934.1595629649262,0.23253491698685713
-704.971593288317,1968.3191259298535,0.2772161526401353
-859.999999999828,1977.7777777777771,0.09560951562992888
-859.999999999828,2055.5555555555543,0.003365349926278802
-859.999999999828,2133.3333333333326,-0.08887881577737128
-782.485796644073,2011.937340742704,0.1402907512832071
-782.485796644073,2089.715118520482,0.048046585579556995
-704.971593288317,2046.0969037076313,0.18497198693648528
-713.52367741616,2195.889915678873,1.0899098537023417
-709.247635352239,2120.993409693252,0.6374409203194137
-786.761838707994,2164.6116245061025,0.5005155189624853
-859.999999999829,2211.111111111111,-0.003983326405769599
-859.999999999829,2288.8888888888882,0.08091216296583209
-859.999999999829,2366.6666666666665,0.1658076523374338
-786.761838707994,2242.389402283881,0.5854110083340869
-786.761838707994,2320.1671800616587,0.6703064977056886
-713.52367741616,2273.667693456651,1.1748053430739434
-859.999999999829,2522.222222222222,0.3428708931915301
-784.703982695995,2485.191861003805,0.3473063704688412
-709.407965392162,2448.1614997853885,0.3517418477461523
-859.999999999829,2444.4444444444443,0.2543392727644819
-784.703982695995,2407.4140832260277,0.25877475004179307
-711.465821404161,2360.9145966210194,0.7632735954100478
