% Model:              HG36,0_completo_setoresRad_F7_,30mm_ext_FontesCruz01_Sfp_Shp_Teste3_topo.mph
% Version:            COMS,OL 5.5.0.292,
% Date:               Dec,"14 2024, 11:20",
% Dimension:          2,,
% Nodes:              1108,,
% Expressions:        1,,
% Description:        Surf,ace,
% surf3x,surf3y,Color
689.915685876393,-41.364002537497,-0.000863278653104433
746.610457250967,-16.4648905805536,0.001555236404064
803.30522862554,8.43422137638987,0.00397375146123242
860.000000000113,33.3333333333333,0.00639226651840085
746.610457250973,-94.2426683583313,0.00113246745223304
803.305228625546,-69.3435564013879,0.00355098250940146
860.000000000119,-44.4444444444445,0.00596949756656989
803.305228625552,-147.121334179166,0.00312821355757051
860.000000000125,-122.222222222222,0.00554672861473893
860.000000000131,-200,0.00512395966290798
665.422851311177,-94.2426683583313,-0.000542651617694124
722.117622685756,-147.121334179166,0.00145309448764335
778.812394060335,-200,0.00344884059298082
640.93001674596,-147.121334179166,-0.000222024582283815
697.624788120539,-200,0.00177372152305365
616.437182180743,-200,9.86024531264936E-05
678.587989498462,3642.23181819253,0.0317379759216385
739.058659665679,3683.71010101724,-0.0236277761339389
799.529329832896,3725.18838384195,-0.0789935281895164
860.000000000112,3766.66666666667,-0.134359280245094
739.058659665679,3605.93232323946,0.0578957356327452
799.529329832896,3647.41060606418,0.00252998357716777
860.000000000112,3688.88888888889,-0.0528357684784097
799.529329832896,3569.6328282864,0.084053495343852
860.000000000112,3611.11111111111,0.0286877432882745
860.000000000112,3533.33333333333,0.110211255054959
805.96340500756,3786.09495195353,-0.108586626216445
751.926810015008,3805.52323724039,-0.0828139721877968
697.890215022456,3824.95152252726,-0.0570413181591482
860.000000000121,3844.44444444445,-0.106187716286885
805.963405007569,3863.87272973131,-0.0804150622582363
751.926810015016,3883.30101501817,-0.0546424082295878
860.00000000013,3922.22222222222,-0.0780161523286759
805.963405007577,3941.65050750909,-0.0522434983000273
860.000000000138,4000,-0.0498445883704669
691.456139847791,3764.04495441568,-0.0274482201322193
745.492734840344,3744.61666912882,-0.0532208741608679
685.022064673127,3703.13838630411,0.00214487789470962
622.416883344499,4000,-0.884885036876727
701.611255563045,4000,-0.606538220707974
780.805627781592,4000,-0.32819140453922
647.574660570484,3941.65050750909,-0.608937130637534
726.769032789031,3941.65050750909,-0.330590314468781
672.73243779647,3883.30101501817,-0.332989224398341
860.000000000113,500,0.0057693087032741
860.000000000113,422.222222222222,0.00683517244619095
860.000000000113,344.444444444444,0.0079010361891078
860.000000000113,266.666666666667,0.00896689993202465
784.470624275448,463.492748705343,0.00354391468659695
784.470624275448,385.714970927566,0.0046097784295138
784.470624275448,307.937193149788,0.00567564217243065
708.941248550783,426.985497410687,0.00131852066991981
708.941248550783,349.207719632909,0.00238438441283666
633.411872826119,390.47824611603,-0.00090687334675734
793.543381335564,68.8407518025634,0.00408388223292656
727.086762671016,104.348170271793,0.00177549794745227
660.630144006467,139.855588741024,-0.000532886338022014
860.000000000113,111.111111111111,0.00725047765627545
793.543381335564,146.618529580341,0.00494209337080116
727.086762671016,182.125948049571,0.00263370908532687
860.000000000113,188.888888888889,0.00810868879415005
793.543381335564,224.396307358119,0.00580030450867576
651.557386946351,223.396474532693,-0.000657548674267122
642.484629886235,306.937360324361,-0.000782211010512231
718.014005610899,265.66683384124,0.00250904674908176
680.153838586418,19.0425278886765,-0.000753147881410293
670.391991296443,79.4490583148501,-0.000643017109716153
736.848609960991,43.94163984562,0.00166536717575813
860.000000000113,3300,-0.0121919752843238
790.17986102647,3334.52016925246,0.801335271139512
720.359722052827,3369.04033850492,1.61486251756335
650.539583079184,3403.56050775738,2.42838976398718
860.000000000113,3377.77777777778,0.0286091014954371
790.17986102647,3412.29794703024,0.842136347919273
720.359722052827,3446.81811628269,1.65566359434311
860.000000000112,3455.55555555556,0.0694101782751979
790.17986102647,3490.07572480801,0.882937424699034
669.238520692036,3562.67471471414,0.83062190527682
729.709190859253,3526.37521976108,0.856779664987927
659.88905188561,3483.11761123576,1.629505834632
860.000000000112,3066.66666666667,-0.256862996663896
784.201520710839,3103.75397775078,0.0919770008103159
708.403041421566,3140.84128883489,0.440816998284528
632.604562132292,3177.928599919,0.78965699575874
860.000000000113,3144.44444444445,-0.175305989537372
784.201520710839,3181.53175552856,0.17353400793684
708.403041421566,3218.61906661267,0.522374005411052
860.000000000113,3222.22222222222,-0.0937489824108479
784.201520710839,3259.30953330633,0.255091015063364
644.561242763553,3328.34987181125,1.88214550791104
714.381381737196,3293.82970255879,1.0686182614872
638.582902447923,3253.13923586512,1.33590125183489
615.053826029077,-31.9179002223094,-0.000639976493185059
590.560991463861,-84.7965660431437,-0.00031934945777475
566.068156898644,-137.675231863978,1.27757763555846E-06
540.191966181761,-22.4717979071218,-0.000416674333265685
515.699131616545,-75.3504637279562,-9.60472978553766E-05
465.330106334445,-13.0256955919343,-0.000193372173346312
605.291978739102,28.4886302038641,-0.00052984572149092
530.430118891786,37.9347325190517,-0.000306543561571546
595.530131449126,88.8951606300377,-0.00041971494979678
418.72941839726,-75.3504637279562,-6.78131461097883E-06
469.098443679359,-137.675231863978,9.05435608799562E-05
519.467468961459,-200,0.000187868436370891
372.128730460075,-137.675231863978,0.000179809544124354
422.497755742174,-200,0.000277134419615289
325.52804252289,-200,0.000366400402859687
860.000000000113,1666.66666666667,-0.0162484425474299
787.544089356008,1699.71184659833,0.00832319370119289
715.088178711902,1732.75702653,0.0328948299498157
642.632268067797,1765.80220646167,0.0574664661984384
860.000000000113,1744.44444444444,0.0374709654638812
787.544089356008,1777.48962437611,0.062042601712504
715.088178711902,1810.53480430778,0.0866142379611267
860.000000000112,1822.22222222222,0.0911903734751922
787.544089356007,1855.26740215389,0.115762009723815
860.000000000112,1900,0.144909781486503
860.000000000112,1433.33333333333,0.00209082769249224
782.691720236806,1468.06363309943,-6.62247718877787E-05
705.3834404735,1502.79393286553,-0.00222327723626779
628.075160710194,1537.52423263164,-0.00438032970064781
860.000000000113,1511.11111111111,-0.00402226238748181
782.691720236806,1545.84141087721,-0.00617931485186182
705.3834404735,1580.57171064331,-0.00833636731624183
860.000000000113,1588.88888888889,-0.0101353524674558
782.691720236806,1623.61918865499,-0.0122924049318359
637.779898948596,1689.70954851832,0.0368508675654097
710.235809592701,1656.66436858666,0.0122792313167869
632.927529829395,1613.61689057498,0.0162352689323809
860.000000000113,1355.55555555556,0.00375533565423758
860.000000000113,1277.77777777778,0.00541984361598293
860.000000000112,1200,0.00708435157772827
785.402034177045,1394.6619679412,0.000625491013899819
785.402034177045,1316.88419016342,0.00228999897564517
785.402034177045,1239.10641238564,0.00395450693739051
710.804068353977,1355.99060254906,-0.000839845664692597
710.804068353977,1278.21282477128,0.000824662297052749
636.206102530909,1317.31923715693,-0.00230518234328501
633.49578859067,1390.72090231516,-0.00299689812907261
630.785474650432,1464.1225674734,-0.00368861391486021
708.093754413738,1429.3922677073,-0.0015315614504802
860.000000000113,733.333333333333,0.00580567670650507
860.000000000113,655.555555555555,0.00579355403876141
860.000000000113,577.777777777778,0.00578143137101776
785.650935236515,702.80799170228,0.00400381586603685
785.650935236515,625.030213924502,0.0039916931982932
785.650935236515,547.252436146724,0.00397957053054954
711.301870472918,672.282650071227,0.00220195502556864
711.301870472918,594.504872293449,0.00218983235782498
636.95280570932,641.757308440173,0.000400094185100426
634.592183787186,474.237933557411,-0.000471217502804751
635.772494748253,557.997620998792,-3.55616588521627E-05
710.12155951185,510.745184852068,0.00175417651387239
860.000000000113,966.666666666667,0.00698280242384315
789.163964876578,998.818638777029,0.00480671055112222
718.327929753043,1030.97061088739,0.0026306186784013
647.491894629508,1063.12258299775,0.000454526805680371
860.000000000113,1044.44444444444,0.00701665214180486
789.163964876578,1076.59641655481,0.00484056026908393
718.327929753043,1108.74838866517,0.002664468396363
860.000000000112,1122.22222222222,0.00705050185976657
789.163964876578,1154.37419433258,0.00487440998704564
714.56599905351,1193.48060671823,0.00174456534670788
643.729963929975,1147.85480105081,-0.000465376243974757
639.968033230442,1232.58701910387,-0.00138527929362989
785.88991155964,771.107846632551,0.00402352467259699
711.779823119167,808.882359931769,0.00224137263868892
637.669734678694,846.656873230986,0.000459220604780844
860.000000000113,811.111111111111,0.00619805194561776
785.88991155964,848.885624410329,0.00441589991170969
711.779823119167,886.660137709546,0.00263374787780161
860.000000000113,888.888888888889,0.00659042718473045
785.88991155964,926.663402188106,0.00480827515082238
644.21784131257,990.967346408831,0.000456091405380528
715.053876436105,958.815374298468,0.00263218327810145
640.943787995632,918.812109819908,0.000457656005080686
637.191782032445,710.057163370444,0.000419802991660565
637.430758355569,778.357018300715,0.000439511798220704
711.540846796042,740.582505001498,0.00222166383212878
457.182175295785,531.951029206343,0.00126763796203357
517.105718766963,568.553122284287,0.000978456703055852
577.029262238142,605.15521536223,0.000689275444078139
515.925407805896,484.793434842906,0.000542800859103264
575.848951277074,521.395527920849,0.000253619600125551
574.668640316007,437.635840479468,-0.000182036243827038
474.058770771488,3566.47042128436,4.16403860977361
542.235177013812,3591.72422025375,2.78660506515629
610.411583256137,3616.97801922314,1.40917152053896
532.885708207386,3512.16711677537,3.58548899451147
601.062114449711,3537.42091574476,2.20805544989415
591.712645643285,3457.86381226637,3.00693937924933
626.639490714089,3813.9800211402,0.516336435384388
555.388766405723,3803.00851975314,1.08971418892792
484.138042097357,3792.03701836608,1.66309194247146
601.481713488104,3872.32951363111,0.240388529145195
530.230989179737,3861.35801224406,0.813766282688731
576.323936262118,3930.67900612203,-0.0355593770939982
620.205415539425,3753.07345302862,0.545929533411317
613.77134036476,3692.16688491705,0.575522631438246
548.954691231058,3742.10195164156,1.11930728695485
477.418527880111,3641.65928697827,3.3303897206729
480.778284988734,3716.84815267218,2.49674083157218
545.594934122436,3666.91308594766,1.95295617605557
435.295041309052,3861.35801224406,2.51550335239751
386.452040520747,3930.67900612203,3.36791476232356
337.609039732443,4000,4.22032617224962
481.387988391433,3930.67900612203,1.66617769261478
432.544987603128,4000,2.51858910254083
527.480935473813,4000,0.816852032832054
541.059956802485,351.646411597012,-0.000861542364817645
550.132713862601,268.105525805343,-0.000736880028572536
559.205470922717,184.564640013674,-0.000612217692327427
448.70804077885,312.814577077993,-0.000816211382877949
457.780797838966,229.273691286324,-0.00069154904663284
356.356124755216,273.982742558974,-0.000770880400938254
423.573491782262,445.961600323887,0.000588131841042959
482.316724292373,398.804005960449,-0.000136705261887343
389.964808268739,359.972171441431,-9.13742799476471E-05
429.005445808035,82.6437837917019,-0.000385874915876959
392.680785281626,178.313263175338,-0.000578377658407606
494.105458365376,133.604211902688,-0.000499046304102193
860.000000000112,2833.33333333333,0.421336142914267
786.868269720791,2862.18010244783,0.35620752508361
713.73653944147,2891.02687156233,0.291078907252954
640.604809162149,2919.87364067682,0.225950289422297
860.000000000112,2911.11111111111,0.195269763054879
786.868269720791,2939.95788022561,0.130141145224223
713.73653944147,2968.8046493401,0.0650125273935658
860.000000000112,2988.88888888889,-0.0307966168045084
786.868269720791,3017.73565800339,-0.0959252346351651
635.271311142244,3091.91028017161,0.601754760313259
711.069790431518,3054.8229690875,0.252914762839047
637.938060152197,3005.89196042422,0.413852524867778
860.000000000112,2133.33333333333,0.279996044753813
783.535112039978,2169.39336269036,-0.151364318194966
707.070224079844,2205.45339204738,-0.582724681143745
630.605336119709,2241.51342140441,-1.01408504409252
860.000000000113,2211.11111111111,0.110668983598388
783.535112039978,2247.17114046814,-0.320691379350391
707.070224079844,2283.23116982516,-0.75205174229917
860.000000000113,2288.88888888889,-0.0586580775570367
783.535112039978,2324.94891824591,-0.490018440505816
860.000000000113,2366.66666666667,-0.227985138712462
788.445221241128,2399.4469814938,-0.0367376802406391
716.890442482144,2432.22729632092,0.154509778231184
645.335663723159,2465.00761114805,0.345757236703006
860.000000000113,2444.44444444445,0.235771287782205
788.445221241128,2477.22475927157,0.427018746254028
716.890442482144,2510.0050740987,0.618266204725851
860.000000000113,2522.22222222222,0.699527714276872
788.445221241128,2555.00253704935,0.890775172748695
860.000000000113,2600,1.16328414077154
640.425554522009,2390.50954790017,-0.10752352356217
711.980333280994,2357.72923307304,-0.298770982033993
635.515445320859,2316.01148465229,-0.560804283827347
787.023368417725,2638.25662271088,0.795407899680571
714.046736835337,2676.51324542177,0.427531658589603
641.07010525295,2714.76986813265,0.0596554174986341
860.000000000113,2677.77777777778,0.915968141485782
787.023368417725,2716.03440048866,0.548091900394814
714.046736835337,2754.29102319954,0.180215659303845
860.000000000112,2755.55555555556,0.668652142200024
787.023368417725,2793.81217826644,0.300775901109056
640.759907859082,2851.50571649543,0.170518665447743
713.891638138404,2822.65894738094,0.235647283278399
640.915006556016,2783.13779231404,0.115087041473188
642.491958076353,2631.51578247112,0.155022690566758
715.46858965874,2593.25915976023,0.522898931657727
643.913810899756,2548.26169680959,0.250389963634882
545.832248928668,3374.37927375512,-4.13926493772961
539.853908613037,3299.16863780899,-4.68550919380576
533.875568297406,3223.95800186287,-5.23175344988191
441.124914778151,3345.19803975286,-10.7069196394464
435.146574462521,3269.98740380673,-11.2531638955226
336.417580627635,3316.0168057506,-17.2745743411632
428.17837405687,3482.98588277311,-2.98216570720533
487.005311492769,3428.68257826411,-3.56071532246747
382.297977342252,3399.50134426185,-10.1283700241843
445.602249158748,3036.43987945792,-1.14310815183371
507.936353483263,3083.60278627828,-0.498853102636228
570.270457807777,3130.76569309864,0.145401946561256
510.603102493215,2997.58446653089,-0.686755338081709
572.93720681773,3044.74737335125,-0.0425002888842249
575.603955827682,2958.72905360386,-0.230402524329706
409.207359648377,3129.63218822215,-6.52026354827688
372.812470138006,3222.82449698637,-11.89741894472
471.541463972892,3176.79509504251,-5.87600849907939
784.67352107233,1938.58690444023,0.120828308698766
709.347042144547,1977.17380888047,0.0967468359110295
634.020563216764,2015.7607133207,0.0726653631232926
860.000000000112,1977.77777777778,0.18993853590894
784.673521072329,2016.36468221801,0.165857063121203
709.347042144547,2054.95158665825,0.141775590333466
860.000000000112,2055.55555555556,0.234967290331377
784.673521072329,2094.14245999579,0.21088581754364
631.743745152061,2166.26251870984,-0.651834908353918
708.208633112195,2130.20248935282,-0.220474545405139
632.882154184412,2091.01161601527,-0.289584772615313
636.891131500442,1932.44121103436,0.0675990641483412
712.217610428225,1893.85430659412,0.0916805369360781
639.761699784119,1849.12170874801,0.0625327651733898
472.023218326222,1887.03670397147,-0.0486911214251266
526.022333289736,1929.94470708788,-0.00823895990898686
580.02144825325,1972.85271020429,0.0322132016071529
528.892901573414,1846.62520480153,-0.0133052588839382
582.892016536928,1889.53320791795,0.0271469026322015
585.762584820605,1806.2137056316,0.0220806036572501
272.114824498708,-122.744271338006,0.000145922139248123
218.701606474527,-45.4885426760117,-7.45561243634414E-05
165.288388450346,31.7671859859825,-0.000295034387975006
318.715512435894,-60.4195032019839,-4.06687194872101E-05
265.302294411712,16.8362254600102,-0.000261146983098774
365.316200373079,1.90526493403799,-0.000227259578222543
328.991539846669,97.5747443176742,-0.00041976232075319
228.977633885303,112.505704843646,-0.000453649725629422
292.666879320259,193.24422370131,-0.000612265063283838
110.259781999235,-45.4885426760117,0.000331848660652904
163.673000023416,-122.744271338006,0.000552326924264468
217.086218047597,-200,0.000772805187876032
55.2311755481232,-122.744271338006,0.000958731709280814
108.644393572304,-200,0.00117920997289238
0.202569097011725,-200,0.00158561475790872
550.82428303063,1578.53125279344,-0.00706927976258727
473.573405351066,1619.53827295524,-0.00975822982452673
396.322527671502,1660.54529311704,-0.0124471798864662
555.676652149831,1654.62391073678,0.0135463188704415
478.425774470267,1695.63093089858,0.010857368808502
560.529021269032,1730.71656868013,0.0341619175034702
446.789654774649,1811.53956701999,-0.0366098075789064
503.65933802184,1771.12806785006,-0.00122394503771811
421.556091223075,1736.04243006852,-0.0245284937326863
553.359591862576,1345.38595669877,0.00242125925847623
470.513081194244,1373.45267624062,0.00714770086023747
387.666570525912,1401.51939578247,0.0118741424619987
550.649277922338,1418.78762185701,0.00172954347268863
467.802767254006,1446.85434139886,0.00645598507444988
547.9389639821,1492.18928701525,0.00103782768690103
393.437208622972,1574.20332733885,-0.00434007243697789
470.688086302536,1533.19630717705,-0.00165112237503843
390.551889574442,1487.86136156066,0.00376703501251041
469.580434378793,1187.66803212535,-0.00460601019832635
525.122323762832,1230.88510046921,-0.00383906757997924
580.66421314687,1274.10216881307,-0.00307212496163213
528.884254462365,1146.15288241615,-0.00291916453032411
584.426143846403,1189.36995076001,-0.002152221911977
588.188074545937,1104.63773270695,-0.00123231886232187
442.2758130945,1258.95182001106,0.000887374021782006
414.971191810206,1330.23560789676,0.00638075824189036
497.817702478538,1302.16888835491,0.00165431664012912
562.221876396546,672.941466144224,-0.000259110873639284
487.490947083771,704.125623848275,-0.000918315932378994
412.760017770996,735.309781552326,-0.0015775209911187
562.46085271967,741.241321074495,-0.000239402067079145
487.729923406896,772.425478778546,-0.000898607125818855
562.699829042795,809.541176004766,-0.000219693260519006
442.374789454189,599.737279988338,0.000319251644316143
427.567403612592,667.523530770332,-0.000629134673401281
502.298332925367,636.339373066281,3.00703853384293E-05
558.691225014659,885.355768161579,-0.000204643544862424
479.712715350623,924.054663092172,-0.000868507694505691
400.734205686588,962.753558022766,-0.00153237184414896
561.965278331597,957.511004750502,-0.000206208144562581
482.986768667561,996.209899681095,-0.000870072294205849
565.239331648535,1029.66624133942,-0.000207772744262739
446.631691481392,1112.69654075782,-0.00358146408026722
505.935511564963,1071.18139104862,-0.00189461841226498
423.68294858399,1037.72504939029,-0.00255691796220809
408.75141374286,811.12437370914,-0.00156247127546212
404.742809714724,886.938965865953,-0.00154742155980554
483.721319378759,848.240070935359,-0.000883557410162273
372.245833111984,540.590348927502,0.00136958006351373
287.309490928182,549.229668648662,0.00147152216499389
202.373148744381,557.86898836982,0.00157346426647405
357.438447270387,608.376599709497,0.000421193745796305
272.502105086586,617.015919430656,0.000523135847276468
342.631061428791,676.162850491491,-0.000527192571921118
338.637149598461,454.600920045046,0.000690073942523122
305.028466084938,368.61149116259,1.05678215325157E-05
253.700807414659,463.240239766205,0.000792016044003285
378.794766031671,3749.67275788561,-4.01893243298022
273.451489965985,3707.30849740514,-9.70095680843189
168.1082139003,3664.94423692466,-15.3829811838836
329.951765243366,3818.99375176358,-3.16652102305416
224.608489177681,3776.62949128311,-8.84854539850584
281.108764455062,3888.31474564155,-2.31410961312811
372.075251814425,3599.2950264978,-2.35163465477878
270.091732857362,3632.11963171123,-8.86730791933117
375.435008923048,3674.4838921917,-3.1852835438795
326.194855099807,3515.81048798654,-9.49783897175772
280.31445838519,3432.32594947529,-16.6440432887367
224.211336142745,3548.63509319997,-16.0135122363101
223.811550875689,4000,3.40704371292298
167.311275598308,3888.31474564155,-3.12739207245475
110.811000320927,3776.62949128311,-9.66182785783247
110.014062018935,4000,2.59376125359634
53.5137867415538,3888.31474564155,-3.94067453178138
-3.78342683781915,4000,1.78047879426971
-175.833367631566,3724.41431513501,-9.49477952624448
-118.483387366984,3816.27621009001,-5.73636008607309
-61.1334071024015,3908.138105045,-1.97794064590169
-61.1861737876109,3704.59095573156,-11.4575134121242
-3.83619352302859,3796.45285068656,-7.69909397195278
53.4610200563443,3684.76759632811,-13.4202472980039
-229.946126016343,3816.27621009001,-4.98274632174788
-284.058884401119,3908.138105045,-0.470713117251267
-338.171642785895,4000,4.04132008724534
-172.59614575176,3908.138105045,-1.22432688157648
-226.708904136537,4000,3.28770632292013
-115.246165487178,4000,2.53409255859492
-483.131241068372,3812.36749200612,1.66582813898624
-529.444860327027,3874.91166133741,1.00016672194052
-575.758479585681,3937.45583066871,0.334505304894809
-622.072098844336,4000,-0.331156112150905
-434.811374974213,3874.91166133741,2.45765878840594
-481.124994232868,3937.45583066871,1.79199737136022
-527.438613491522,4000,1.12633595431451
-386.491508880054,3937.45583066871,3.24948943782564
-432.805128138709,4000,2.58382802077993
-692.863328589439,3837.59956869979,-0.344738738945794
-669.266252007738,3891.73304579986,-0.340211196680831
-645.669175426037,3945.86652289993,-0.335683654415868
-622.952632749083,3829.18887646856,0.325450220364883
-599.355556167382,3883.32235356863,0.329977762629846
-553.041936908728,3820.77818423734,0.99563917967556
-380.698616589437,3783.04976638241,-2.05437441609067
-332.378750495278,3845.59393571371,-1.26254376667097
-278.265992110502,3753.73204075871,-5.77457697116758
-682.690465079665,3771.73562973634,1.0911507273125
-612.77976923931,3763.32493750512,1.76133968662318
-542.869073398954,3754.91424527389,2.43152864593386
-672.517601569891,3705.8716907729,2.5270401935708
-602.606905729536,3697.46099854167,3.19722915288147
-662.344738060118,3640.00775180945,3.96292965982909
99.6399375836874,128.529269250587,-0.000172151849456004
33.9914867170288,225.291352515192,-4.92693109370031E-05
-31.6569641496298,322.053435779797,7.36132275819981E-05
163.329183018644,209.267788108251,-0.00033076718711042
97.6807321519855,306.029871372856,-0.000207884648591419
227.018428453601,290.006306965915,-0.000489382524764836
124.363111113044,479.263804173146,0.0010735139201767
175.690769783322,384.635055569531,0.000292065697705933
46.3530734817072,400.658619976472,0.00057356357387935
-56.5910214059812,-125.110676997304,0.000682391295953398
-113.384611908974,-50.2213539946076,-0.000220832166001927
-170.178202411967,24.6679690080887,-0.00112405562795725
-1.56241495486974,-47.8549483353096,5.55082473254887E-05
-58.3560054578626,27.0343746673866,-0.000847715214629836
53.4661914962417,29.4007803266845,-0.000571374801302421
-124.004456324521,123.796457931991,-0.000724832676110835
-77.8307102370755,222.924946855894,-0.000325609724264418
-12.1822593704169,126.162863591289,-0.00044849226278342
-243.750625972674,93.1242483050324,-0.00108592797175234
-317.323049533381,161.580527601976,-0.00104780031554742
-390.895473094088,230.03680689892,-0.00100967265934251
-197.576879885228,192.252737228935,-0.000686705019905921
-271.149303445935,260.709016525879,-0.000648577363701008
-151.403133797782,291.381226152838,-0.000287482068059505
-355.801670061731,499.874996943868,0.000381198104766132
-247.753434757697,440.601143222511,0.000278669812371421
-139.705199453663,381.327289501154,0.00017614151997671
-367.49960440585,409.928933595552,-8.2425483270082E-05
-259.451369101816,350.655079874195,-0.000184953775664793
-379.197538749969,319.982870247236,-0.000546049071306296
-417.618714948556,150.464539292905,-0.00086640694523284
-344.046291387849,82.0082599959616,-0.000904534601437754
-270.473867827142,13.5519806990178,-0.000942662257642667
-444.341956803025,70.8922716868907,-0.00072314123112317
-370.769533242318,2.43599238994695,-0.000761268887328083
-471.065198657493,-8.67999591912393,-0.000579875517013499
-221.462629447733,-50.2213539946075,-0.000671278538944882
-164.66903894474,-125.110676997304,0.000231944923010443
-107.875448441747,-200,0.00113516838496577
-272.747056483498,-125.110676997304,-0.000218501449932513
-215.953465980505,-200,0.000684722012022812
-324.031483519264,-200,0.000234275639079857
-373.042721898674,-136.226665306375,-3.71080796179285E-05
-422.053960278084,-72.4533306127493,-0.000308491798315714
-321.758294862908,-61.3373423036784,-0.000489885168630298
-519.443732193912,-72.4533306127493,-7.70621554616749E-05
-470.432493814502,-136.226665306375,0.00019432156323611
-421.421255435092,-200,0.000465705281933896
-567.82226573033,-136.226665306375,0.000425751206090149
-518.811027350921,-200,0.000697134924787935
-616.200799266749,-200,0.000928564567641974
-535.952198836981,43.1161163346687,-0.000250915159753489
-600.839199016469,94.9122285884613,7.80451975065218E-05
-665.726199195957,146.708340842254,0.000407005554766532
-509.228956982513,122.688383940683,-0.000394180873863159
-574.115957162,174.484496194476,-6.52205166031486E-05
-482.505715128044,202.260651546698,-0.00053744658797283
-621.127759602906,378.250262838822,-0.000709116093153833
-544.383664099967,328.845777525521,-0.000809301615216726
-467.639568597027,279.441292212221,-0.000909487137279618
-635.993906133923,301.069622173299,-0.000337075543847045
-559.249810630984,251.665136859999,-0.000437261065909937
-650.86005266494,223.888981507777,3.49650054597439E-05
-455.941634252908,369.387355560537,-0.000445863549243404
-532.685729755848,418.791840873837,-0.000345678027180511
-444.243699908789,459.333418908853,1.77600387928105E-05
550.826872828609,2047.50932513871,-0.0908354846236914
467.633182440454,2079.25793695672,-0.254336332370676
384.4394920523,2111.00654877472,-0.41783718011766
549.688463796258,2122.76022783328,-0.453085620362297
466.494773408103,2154.50883965129,-0.616586468109281
548.550054763906,2198.01113052785,-0.815335756100902
442.828642901581,1961.69331890589,-0.171739807655971
413.63406747694,2036.3499338403,-0.294788493886815
496.827757865095,2004.6013220223,-0.131287646139831
559.5040569822,2886.91279116694,-5.67151266399623
559.659155679134,2818.54486698555,-5.72694428797078
559.814254376067,2750.17694280416,-5.78237591194533
478.403304802251,2853.95194165705,-11.5689756174147
478.558403499185,2785.58401747566,-11.6244072413893
397.302552622303,2820.99109214717,-17.4664385708333
429.502350313266,2964.623617021,-6.58421829150023
494.503203647733,2925.76820409397,-6.12786547774823
413.402451467784,2892.80735458409,-12.0253284311667
551.909844307176,2278.85654730075,0.69707431033568
473.214352494642,2316.19967319709,2.40823366476388
394.518860682108,2353.54279909344,4.11939301919209
556.819953508326,2353.35461054863,1.15035507060086
478.124461695792,2390.69773644498,2.86151442502906
561.730062709475,2427.85267379651,1.60363583086603
391.159071138838,2272.69738232053,2.60698295275551
469.854562951372,2235.35425642419,0.895823598327302
387.799281595569,2191.85196554763,1.09457288631892
475.400604120895,2590.49924454327,4.27057555716343
530.623771164913,2631.92278573973,2.8669355106085
585.846938208931,2673.34632693619,1.46329546405357
532.045623988316,2548.6687000782,2.96230278367662
587.268791032334,2590.09224127466,1.55866273712169
588.690643855738,2506.83815561313,1.65403001018981
449.367920288031,2667.32986041124,-2.97509581883547
423.335236455167,2744.1604762792,-10.2207671948344
504.591087332049,2708.7534016077,-4.3787358653904
448.440022974632,2511.51376272666,4.22018137783965
505.085042842054,2469.68321826159,2.91190860435284
421.47944182837,2432.52828091005,4.16978719851587
-142.500790898639,3603.37113426689,17.8205900688055
-27.8535970546834,3583.54777486344,15.8578561829258
86.7935967892718,3563.72441545999,13.8951222970461
-109.168214165711,3482.32795339877,45.1359596638555
5.47897967824411,3462.50459399532,43.1732257779758
-75.8356374327836,3361.28477253065,72.4513292589055
142.896719031717,3447.4152717353,13.2645912446196
198.999841274162,3331.10612801062,12.634060192193
61.5821019206892,3346.19545027063,42.5426947255493
268.991290711072,3207.02128683698,20.0363674378124
201.565000794508,3098.02576792335,57.3473092167881
134.138710877945,2989.03024900973,94.6582509957638
131.573551357599,3222.11060909699,49.9450019711687
64.1472614410356,3113.11509018337,87.2559437501443
-5.84418799587401,3237.19993135701,79.8536365045249
341.781069731814,3020.63666930852,30.7906782306988
237.959890304879,3004.83345915912,62.7244646132313
305.386180221443,3113.82897807275,25.4135228342556
309.58127204085,2877.00414443469,19.9084579513657
221.859991459398,2933.01719672221,57.2833544735648
325.681170886332,2948.82040687161,25.3495680910323
-226.909911803147,3040.08648141918,118.791377790849
-176.551820346359,3147.15257845634,103.344694946868
-126.193728889571,3254.21867549349,87.8980121028866
-106.56037090945,3023.06773728269,110.747002192487
-56.2022794526618,3130.13383431985,95.3003193485061
13.7891699842478,3006.04899314621,102.702626594125
374.442232667849,1184.51367114576,-0.00312171303932928
279.304030956905,1181.35931016617,-0.00163741588033222
184.16582924596,1178.20494918657,-0.000153118721335152
347.137611383555,1255.79745903146,0.00237167118077907
251.999409672611,1252.64309805187,0.00385596833977614
319.832990099261,1327.08124691717,0.00786505540088743
351.493489770447,1109.54217977823,-0.00209716692127015
328.544746873045,1034.5706884107,-0.00107262080321102
256.355288059503,1106.38781879864,-0.000612869762273087
296.030211527607,1440.17109478936,0.00276783512134205
204.393852529302,1478.82279379626,-0.00633847221931463
112.757493530997,1517.47449280316,-0.0154447795599713
298.915530576137,1526.51306056756,-0.00533927232814626
207.279171577832,1565.16475957445,-0.0144455796688029
301.800849624667,1612.85502634575,-0.0134463797776346
228.196631100956,1365.73294592407,-0.00124125193976925
160.363050674306,1291.29479705877,-0.00525033900088054
136.560272102652,1404.38464493096,-0.0103475592804259
371.078326885395,1885.13539622806,-0.0619318043381537
270.133435444567,1883.23408848466,-0.0751724872511808
169.18854400374,1881.33278074125,-0.0884131701642078
341.883751460754,1959.79201116248,-0.184980490568998
240.938860019927,1957.89070341908,-0.198221173482025
312.689176036113,2034.4486260969,-0.308029176799842
345.844763333821,1809.63825927659,-0.0498504904919335
320.611199782248,1734.14112232511,-0.0377691766457134
244.899871892994,1807.73695153318,-0.0630911734049606
226.089521735413,1686.45085555382,-0.0387683765368818
131.567843688578,1638.76058878252,-0.0397675764280502
150.378193846159,1760.04668476189,-0.064090373296129
-108.303320524358,1334.95574809562,0.0121816933727175
-34.6163825059066,1395.7953296648,0.0029728690618212
39.0705555125453,1456.63491123398,-0.00623595524907505
-10.8136039342522,1282.7054817926,0.00807008934136658
62.8733340841997,1343.54506336178,-0.00113873496952967
86.6761126558541,1230.45521548959,0.00395848531001572
317.231571839241,921.659067965755,-0.00191132582310133
321.240175867377,845.844475808942,-0.00192637553875791
325.248779895513,770.029883652129,-0.00194142525441449
233.728937991893,880.564577908744,-0.0022902798020537
237.737542020029,804.749985751931,-0.00230532951771028
150.226304144546,839.470087851733,-0.00266923378100607
245.042113025698,993.476198353691,-0.00145157478216339
161.53947917835,952.38170829668,-0.00183052876111577
172.852654212155,1065.29332874163,-0.000991823741225459
255.119823553308,710.882952591293,-0.000891096835216908
184.990867211103,651.736021530458,0.000159231583980679
167.608585677824,745.603054691096,-0.0012550010985127
-91.3787127208554,645.580106800498,0.000382305308167399
-71.4714631971135,537.737883126931,0.000279407947972265
-51.5642136733717,429.895659453364,0.000176510587777132
-179.519698501147,597.011736848288,0.000381936240366977
-159.612448977405,489.169513174721,0.000279038880171843
-267.660684281439,548.443366896078,0.000381567172566554
104.455861589302,587.106027846713,0.00117641128037184
6.53857443422343,616.343067323605,0.000779358294269617
87.0735800560237,680.973061007351,-0.00023782140212154
-10.8437070990551,710.210100484243,-0.000634874388223759
69.6912985227452,774.840094167988,-0.00165205408461492
26.4458239579653,508.500843650038,0.000676460934074484
49.4809035882312,884.816861430335,-0.00140205060908916
-31.0541020335691,820.18686774659,-0.000384870912698003
-111.589107655369,755.556874062845,0.000632308783693154
-51.2644969680832,930.163635008936,-0.000134867437172248
-131.799502589884,865.533641325191,0.000882312259218909
-152.009897524398,975.510408587538,0.00113231573474466
-122.872179524371,1215.14063492626,0.00849856749339319
-25.3824629342652,1162.89036862324,0.00438696346204232
72.107253655841,1110.64010232023,0.000275359430691454
-137.441038524385,1095.3255217569,0.00481544161406893
-39.9513219342783,1043.07525545388,0.000703837582718059
60.7940786220361,997.728481875282,-0.000563345589198854
-366.066329567427,734.946862889729,-9.39102426890161E-05
-274.50379061857,705.157944193319,6.48282742631221E-05
-182.941251669713,675.369025496908,0.00022356679121526
-362.644776398861,656.589574241109,0.0000644592064627
-271.082237450004,626.800655544698,0.000223197723414838
-359.223223230296,578.232285592489,0.000222828655614416
-294.714185553084,815.134711455665,0.000314831749788877
-223.362041538741,895.322560021602,0.000723573742266771
-203.151646604227,785.345792759255,0.000473570266741016
-621.533699074225,604.677865313153,-0.000410208261256732
-532.956356070061,569.743575856725,-0.00014640613924911
-444.379013065896,534.809286400297,0.000117395982758511
-621.398385917119,529.201997821709,-0.000509844205222432
-532.821042912954,494.267708365281,-0.000246042083214811
-621.263072760013,453.726130330265,-0.000609480149188133
-447.800566234461,613.166575048917,-4.09734663932052E-05
-536.377909238626,648.100864505345,-0.000304775588400827
-451.222119403026,691.523863697537,-0.000199342915544921
-748.575552392902,3891.73304579986,-0.467151128824938
-804.287776196365,3945.86652289993,-0.589563518704081
-859.999999999828,4000,-0.711975908583224
-724.978475811201,3945.86652289993,-0.462623586559975
-780.690699614664,4000,-0.585035976439118
-701.3813992295,4000,-0.458096044295012
-396.827182851576,3257.37543320505,2.76592985842591
-289.830001045312,3292.01187964691,25.9943963252524
-182.832819239048,3326.64832608878,49.222862792079
-340.1880925021,3184.94578260976,41.4410791692336
-233.190910695836,3219.58222905162,64.6695456360601
-283.549002152623,3112.51613201447,80.1162284800413
-624.184913127776,3390.36841223607,0.864114798017442
-636.90485477189,3473.5815254272,1.89705308528799
-649.624796416004,3556.79463861832,2.92999137255854
-544.36514609169,3433.72540644343,-4.15950999110701
-557.085087735804,3516.93851963456,-3.12657170383646
-569.805029379918,3600.15163282569,-2.09363341656591
-464.545379055603,3477.08240065079,-9.18313478023147
-477.265320699717,3560.29551384192,-8.15019649296092
-384.725612019517,3520.43939485815,-14.2067595693559
-417.527488369136,3617.74876057414,-8.91589699990854
-450.329364718754,3715.05812629013,-3.62503443046115
-315.0948638902,3588.43103495044,-12.6360995549854
-347.896740239818,3685.74040066643,-7.34523698553806
-245.464115760883,3656.42267504272,-11.065439540615
-281.762287157273,3467.38785408232,14.6792700400645
-212.131539027956,3535.3794941746,16.249930054435
-178.798962295028,3414.33631330648,43.565299649485
-472.613092943642,3301.70642621539,2.13199150495642
-548.399003035709,3346.03741922573,1.49805315148693
-392.793325907556,3345.06342042275,-2.89163328416804
-468.579235999623,3389.39441343309,-3.52557163763753
-388.759468963537,3432.75140764045,-8.54919642676198
-285.796144101292,3379.69986686462,20.3368331826585
-510.067197049336,3657.60487955791,-2.85933392351353
-728.229825373355,3604.44961231741,2.81480568661771
-715.509883729241,3521.23649912629,1.78186739934716
-702.789942085127,3438.02338593516,0.748929112076609
-794.114912686592,3568.89147282537,1.66668171340632
-781.394971042478,3485.67835963425,0.633743426135776
-859.999999999828,3533.33333333333,0.518557740194942
-859.999999999828,3611.11111111111,-0.0538659921958924
-859.999999999828,3688.88888888889,-0.626289724586727
-859.999999999828,3766.66666666667,-1.19871345697756
-794.114912686592,3646.66925060315,1.09425798101549
-794.114912686592,3724.44702838093,0.521834248624655
-728.229825373355,3682.22739009519,2.24238195422687
-748.575552392902,3813.95526802208,-0.629396978289717
-804.287776196365,3790.31096734437,-0.914055217633639
-804.287776196365,3868.08874512215,-0.75180936816886
-859.999999999828,3844.44444444444,-1.03646760751278
-859.999999999828,3922.22222222222,-0.874221758048004
-738.402688883128,3748.09132905864,0.806492487968578
-696.877270987,-40.9204660183704,0.000665251293238131
-621.606580210498,-30.1736426519549,0.000250209023154254
-546.335889433996,-19.4268192855394,-0.000164833246929622
-669.985113746916,-93.9469773455803,0.000753022384706079
-594.714422970414,-83.2001539791648,0.000337980114622202
-643.092956506833,-146.97348867279,0.000840793476174026
-686.493580389985,21.6224696018377,0.000579169380414265
-676.109889792971,84.1654052220458,0.000493087467590399
-611.222889613483,32.3692929682532,0.000164127110330388
-751.251513991276,-93.9469773455803,0.00259942108514041
-724.359356751192,-146.97348867279,0.00268719217660835
-697.467199511109,-200,0.0027749632680763
-805.625756995552,-146.97348867279,0.00453359087704268
-778.733599755469,-200,0.00462136196851063
-859.999999999828,-200,0.00646776066894496
-751.251513991276,-16.1691995678025,0.00296073368146756
-805.625756995552,-69.1957108950124,0.00489490347336984
-859.999999999828,-122.222222222222,0.00682907326527211
-805.625756995552,8.58206688276538,0.00525621606969699
-859.999999999828,-44.4444444444445,0.00719038586159927
-859.999999999828,33.3333333333333,0.00755169845792643
-740.867823394262,46.3737360524056,0.0028746517686437
-795.242066398538,71.1250025029735,0.00517013415687313
-730.484132797247,108.916671672614,0.00278856985581983
-730.484132797247,186.694449450391,0.00186467158106246
-795.242066398538,148.902780280751,0.00424623588211576
-859.999999999828,111.111111111111,0.00662780018316906
-795.242066398538,226.680558058529,0.0033223376073584
-859.999999999828,188.888888888889,0.00570390190841169
-859.999999999828,266.666666666667,0.00478000363365433
-715.617986266231,263.875090115914,0.00149263103175568
-780.375919867521,303.861198724052,0.00295029705805161
-700.751839735214,341.055730781437,0.00112059048244889
-859.999999999828,344.444444444444,0.00530202395893853
-859.999999999828,422.222222222222,0.00582404428422273
-859.999999999828,500,0.00634606460950693
-780.375919867521,381.638976501829,0.00347231738333581
-780.375919867521,459.416754279607,0.00399433770862001
-700.751839735214,418.833508559214,0.00164261080773309
-701.022466049426,569.785243542102,0.00184188269566449
-700.88715289232,494.309376050658,0.00174224675169879
-780.511233024628,534.892621771051,0.00409397365258571
298.063912157043,2147.35150206003,0.0887099319970881
211.688332261787,2183.69645534533,0.595257044111836
125.31275236653,2220.04140863063,1.10180415622658
301.423701700313,2228.19691883293,1.60111999843367
215.048121805056,2264.54187211823,2.10766711054842
304.783491243582,2309.04233560583,3.11353006487025
226.313596140857,2070.7935793822,0.198517935314905
154.56328012467,1994.23565670438,0.308325938632723
139.9380162456,2107.1385326675,0.705065047429653
-121.552559539926,2032.34778342757,0.392144781062469
-39.2641222377737,2094.91232516192,0.628697906117174
43.0243150643782,2157.47686689627,0.865251031171879
-24.6388583587037,1982.0094491988,0.231958797320244
57.6495789434483,2044.57399093315,0.468511922374948
72.2748428225183,1931.67111497002,0.0717728135780179
366.98180814297,2589.77423653049,-2.90079273982195
258.563012165044,2589.0492285177,-10.0721610368073
150.144216187119,2588.32422050492,-17.2435293337927
340.949124310105,2666.60485239845,-10.1464641158208
232.53032833218,2665.87984438567,-17.3178324128062
314.916440477241,2743.43546826642,-17.3921354918197
340.021226996707,2510.78875471388,-2.95118691914573
313.060645850445,2431.80327289726,-3.00158109846951
231.602431018782,2510.06374670109,-10.1225552161311
227.195159895789,2799.44852055394,19.9827610303793
144.809047750728,2721.89289667319,20.0570641093928
139.473879314336,2855.46157284146,57.3576575525783
223.325276411919,2387.30280940966,-4.00744405279134
133.589906973393,2342.80234592206,-5.01330700711318
141.867061580256,2465.56328321349,-11.1284181704529
24.2595479894126,2271.90614189424,-0.0141660227043334
-58.0288893127393,2209.34160015989,-0.250719147759038
-140.317326614891,2146.77705842553,-0.487272272813743
-76.7936563877049,2323.77087515786,-1.13013620163525
-159.082093689857,2261.2063334235,-1.36668932668996
-177.846860764822,2375.63560842147,-2.24610638056617
32.5367025962756,2394.66707918567,-6.12927718604409
-68.516501780842,2446.53181244929,-7.24524736497501
40.8138572031386,2517.4280164771,-12.2443883493839
-473.598279158816,3053.18603466646,-2.14782705058031
-448.00791372307,3121.24916751266,-0.509908080911573
-422.417548287323,3189.31230035885,1.12801088875717
-391.368823373593,3048.81951691737,38.1652412298961
-365.778457937846,3116.88264976356,39.8031601995649
-309.13936758837,3044.45299916827,78.4783095103725
-197.371743137579,2932.73592400653,85.1075146176294
-77.0222022438819,2915.71717987005,77.0631390192677
43.3273386498156,2898.69843573356,69.018763420906
-167.833574472012,2825.38536659388,51.4236514444099
-47.4840335783141,2808.3666224574,43.3792758460482
-138.295405806444,2718.03480918123,17.7397882711904
-42.1488651419228,2674.79794628913,6.07868240286268
53.9976755225981,2631.56108339702,-5.58242346546501
-151.479224125903,2603.90174226131,11.0778233872715
-55.3326834613824,2560.66487936921,-0.583282481056163
-164.663042445363,2489.76867534139,4.41585850335268
48.6625070862069,2765.12975956529,31.7181699777205
-452.965329634247,2980.75408879636,-4.72419262225929
-370.735873849024,2976.38757104726,35.5888756582171
-288.506418063801,2972.02105329817,75.9019439386936
-432.332380109677,2908.32214292625,-7.30055819393827
-350.102924324454,2903.95562517715,33.0125100865382
-411.699430585108,2835.89019705614,-9.87692376561726
-320.564755658887,2796.60506776451,-0.67135308668138
-258.968249398233,2864.67049588552,42.218080765474
-229.430080732665,2757.31993847287,8.5342175922545
-390.158400629061,2585.95454243603,-13.4164791624918
-397.338743947743,2669.2664273094,-12.2366273635337
-404.519087266426,2752.57831218277,-11.0567755645755
-306.204069021522,2629.98129801776,-3.03105668459778
-313.384412340204,2713.29318289113,-1.85120488563958
-222.249737413983,2674.0080535995,7.3543657932963
-319.387887340982,2515.84823109784,-9.69302156851662
-235.433555733442,2559.87498667957,0.692400909377451
-248.617374052902,2445.74191975965,-5.96956397454139
-639.696917506705,3183.33393179006,-1.88251863071361
-634.526249380396,3252.34542527206,-0.966974154469923
-629.355581254086,3321.35691875407,-0.0514296782262409
-558.740339288329,3208.01443226172,-0.333035801000435
-553.569671162019,3277.02592574373,0.582508675243247
-477.783761069952,3232.69493273338,1.21644702871274
-528.964491941446,3096.568667041,-2.05939091062474
-584.330704724076,3139.95129941553,-1.97095477066917
-503.374126505699,3164.63179988719,-0.421471940956004
-483.379080017645,2792.4624901031,-6.3559875810976
-476.198736698963,2709.15060522973,-7.5358393800558
-469.01839338028,2625.83872035635,-8.71569117901399
-555.058729450182,2749.03478315005,-2.83505139657794
-547.8783861315,2665.72289827668,-4.01490319553614
-626.738378882719,2705.60707619701,0.685884787941713
-633.335936871494,2782.26481996882,-1.67869706371994
-639.933494860269,2858.92256374064,-4.04327891538159
-646.531052849044,2935.58030751245,-6.40786076704324
-561.656287438957,2825.69252692187,-5.19963324823959
-568.253845427732,2902.35027069368,-7.56421509990124
-489.97663800642,2869.12023387491,-8.72056943275925
-531.242537055559,3013.98412561513,-3.56783828940129
-588.886794952301,2974.78221656379,-4.98784952822226
-586.608749838189,3057.36675798966,-3.47940214944572
-644.253007734931,3018.16484893832,-4.89941338826669
-641.974962620818,3100.74939036419,-3.39096600949015
-510.609587530989,2941.55217974502,-6.14420386108027
-379.401550675771,2135.75908480969,1.35396196312634
-312.216654038788,2215.71792601362,0.153939181895505
-245.031757401805,2295.67676721754,-1.04608359933533
-293.451886963822,2101.28865101565,1.03335623577172
-226.26699032684,2181.24749221958,-0.166666545459119
-207.502223251874,2066.81821722161,0.712750508417094
-453.483157897129,2366.53891843263,1.13440746242621
-361.60439218636,2369.57114842891,0.00756951476208153
-269.725626475591,2372.60337842519,-1.11926843290204
-428.789288823343,2289.61230722499,1.20759229599292
-336.910523112574,2292.64453722126,0.0807543483287934
-404.095419749557,2212.68569601734,1.28077712955963
-432.374905474439,2439.6774597671,-3.71588807921315
-411.26665305175,2512.81600110156,-8.5661836208525
-340.496139763671,2442.70968976338,-4.84272602687727
-632.076338409403,2490.98744467508,2.65209395451695
-630.297018567175,2562.52732184905,1.99669089899187
-628.517698724947,2634.06719902303,1.34128784346679
-551.437025815956,2522.64314392873,-2.70409708448598
-549.657705973728,2594.1830211027,-3.35950014001106
-470.797713222508,2554.29884318238,-8.06028812348892
-513.014218067887,2408.02176051345,1.64030295978979
-572.545278238645,2449.50460259426,2.14619845715337
-491.905965645198,2481.16030184791,-3.20999258184956
-515.72871803636,2320.73778767678,0.811390098778104
-577.974278175591,2274.93665692094,0.488372735130001
-640.219838314822,2229.13552616509,0.165355371481898
-575.259778207118,2362.2206297576,1.31728559614168
-637.505338346349,2316.41949900175,0.994268232493581
-634.790838377876,2403.70347183841,1.82318109350526
-491.034848962574,2243.81117646914,0.884574932344815
-466.340979888788,2166.88456526149,0.957759765911527
-553.280409101805,2198.01004571329,0.561557568696713
-717.687368565972,2901.49798278608,-2.62934609723149
-711.089810577197,2824.84023901426,-0.264764245569844
-704.492252588422,2748.18249524245,2.09981760609181
-788.8436842829,2867.41565805971,1.14916857258025
-782.246126294125,2790.75791428789,3.5137504242419
-859.999999999828,2833.33333333333,4.92768324239199
-372.035317990187,1430.2843488088,0.00459166577419622
-307.489206620056,1512.67760674658,-0.00769934121015524
-242.943095249926,1595.07086468435,-0.0199903481945067
-178.396983879796,1677.46412262213,-0.0322813551788581
-284.124652168244,1398.50814857108,0.00712167497370329
-219.578540798114,1480.90140650885,-0.00516933201064816
-155.032429427983,1563.29466444663,-0.0174603389949996
-196.213986346301,1366.73194833335,0.00965168417321037
-131.667874976171,1449.12520627112,-0.00263932281114108
15.7060010607329,1570.80436940948,-0.0210569714329336
-57.9809369577189,1509.9647878403,-0.0118481471220373
-81.3454914095313,1624.1342460158,-0.0266691633058959
-140.500700986549,1914.05322982575,0.25066940231536
-43.586999805327,1863.71489559698,0.0904834185731345
53.326701375895,1813.37656136821,-0.0697025651690913
-159.448842433172,1795.75867622394,0.109194023568251
-62.5351412519502,1745.42034199517,-0.0509919601739747
34.516351218314,1692.09046538885,-0.0453797683010124
-454.491113034721,1665.72037925243,0.0305627444330081
-362.459736649746,1669.63496037567,0.00961471122905269
-270.428360264771,1673.5495414989,-0.0113333219749027
-427.005848019876,1587.24170243789,0.0219057182134041
-334.974471634901,1591.15628356112,0.000957685009448724
-399.520583005031,1508.76302562335,0.0132486919938002
-859.999999999828,577.777777777778,0.00537541901232618
-859.999999999828,655.555555555555,0.00440477341514543
-859.999999999828,733.333333333333,0.00343412781796468
-780.511233024627,612.670399548829,0.00312332805540496
-780.511233024627,690.448177326606,0.00215268245822421
-701.022466049426,647.56302131988,0.000871237098483737
-634.838341069924,826.357006732007,0.00112786297152407
-630.403460404691,752.463959592389,0.000615172560597134
-625.968579739458,678.570912452771,0.000102482149670201
-709.892227379892,795.349115599116,0.0018966179203376
-705.457346714659,721.456068459498,0.00138392750941067
-784.94611368986,764.341224466224,0.00266537286915114
-545.247670569091,795.886958784581,0.000720605233453039
-455.657000068259,765.416910837155,0.000313347495382011
-540.812789903859,721.993911644963,0.000207914822526106
-373.876796635835,1347.15664290122,0.00173218616146815
-285.966130813892,1315.38044266349,0.00426219536097523
-198.055464991949,1283.60424242576,0.00679220456048231
-375.718275281483,1264.02893699363,-0.00112729345125991
-287.80760945954,1232.2527367559,0.00140271574824717
-377.559753927131,1180.90123108604,-0.00398677306398797
-302.376468459553,1112.43762358654,-0.00228041013107709
-212.624323991962,1163.7891292564,0.00310907868115805
-227.193182991975,1043.97401608704,-0.000574047198166215
-447.124852350763,965.390611990834,-0.00258506121053453
-509.69601525715,919.046076904558,-0.001347419816515
-572.267178163537,872.701541818283,-0.000109778422495466
-506.109062220292,1007.05061437476,-0.00178590093545405
-568.680225126679,960.706079288483,-0.000548259541434515
-631.251388033066,914.361544202207,0.000689381852585017
-565.093272089821,1048.71061675868,-0.000986740660373565
-627.664434996207,1002.36608167241,0.000250900733645967
-624.077481959349,1090.37061914261,-0.000187580385293083
-420.105344756318,888.576028957133,-0.00175467755458603
-393.085837161872,811.761445923431,-0.000924293898637521
-482.676507662705,842.231493870857,-0.000517036160566493
-423.936486209553,1037.22748502257,-0.00305229849501901
-482.920696079081,1078.8874874065,-0.00225313821993853
-541.90490594861,1120.54748979042,-0.00145397794485805
-400.748120068342,1109.06435805431,-0.00351953577950349
-459.73232993787,1150.72436043823,-0.00272037550442301
-348.753200741975,968.763877523069,-0.00134593556210813
-250.381549133186,972.137143055303,-0.000106809913681734
-321.733693147529,891.949294489367,-0.000515551906159627
-325.564834600764,1040.60075055481,-0.00181317284659261
-516.136262939632,1618.53082486479,0.0253982133899052
-488.650997924787,1540.05214805024,0.0167411871703013
-461.165732909942,1461.5734712357,0.00808416095069731
-577.781412844542,1571.34127047714,0.0202336823468024
-550.296147829697,1492.86259366259,0.0115766561271984
-639.426562749453,1524.15171608949,0.0150691513036995
-624.101755506265,1162.1196668421,0.000102804172458267
-624.126029053181,1233.8687145416,0.000393188730209616
-624.150302600096,1305.6177622411,0.000683573287960966
-541.929179495525,1192.29653748992,-0.0011635933871067
-541.953453042441,1264.04558518942,-0.000873208829355347
-459.756603484786,1222.47340813773,-0.00242999094667166
-629.242389316549,1378.4624135239,0.00547876595987381
-634.334476033001,1451.30706480669,0.0102739586317866
-540.111974396793,1347.173291097,0.00198627078337272
-545.204061113245,1420.0179423798,0.00678146345528556
-456.07364619349,1388.7288199529,0.00328896827878447
-457.915124839138,1305.60111404532,0.000429488666056402
-434.296127386009,1740.31917057488,-0.136771721513653
-414.101141737297,1814.91796189733,-0.304106187460315
-393.906156088584,1889.51675321978,-0.471440653406977
-342.264751001034,1744.23375169811,-0.157719754717609
-322.069765352321,1818.83254302056,-0.325054220664271
-250.233374616058,1748.14833282135,-0.178667787921564
-384.236419146709,2053.67830761306,0.745494424281902
-298.28675543476,2019.20787381901,0.424888696927278
-212.337091722812,1984.73744002497,0.104282969572654
-389.071287617647,1971.59753041642,0.137026885437463
-303.121623905698,1937.12709662238,-0.183578841917161
-231.285233169435,1866.44288642316,-0.0371924091744552
-635.990105549446,2155.38237027142,0.128732147446133
-549.050676336429,2124.25688981962,0.524934344660947
-462.111247123412,2093.13140936782,0.921136541875762
-631.76037278407,2081.62921437775,0.0921089234103671
-544.820943571053,2050.50373392595,0.488311120625182
-627.530640018694,2007.87605848407,0.0554856993746015
-471.780984065288,1928.96985497455,-0.295798535813117
-549.655812041991,1968.42295672931,-0.120156418219258
-466.94611559435,2011.05063217118,0.312669003031322
-514.20169577791,1706.69214772413,0.0358232262393007
-575.84684568282,1659.50259333648,0.0306586951961978
-637.491995587731,1612.31303894883,0.0254941641530949
-573.912278521098,1747.66391619582,0.0410837080455932
-635.557428426009,1700.47436180818,0.0359191770024904
-633.622861264287,1788.63568466752,0.0463441898518858
-631.59212084909,1861.71580927304,0.049391359692791
-629.561380433892,1934.79593387856,0.0524385295336962
-553.717292872386,1822.26270751827,-0.126250757901068
-551.686552457189,1895.34283212379,-0.123203588060163
-473.811724480485,1855.88973036903,-0.298845705654022
-494.006710129197,1781.29093904658,-0.131511239707361
-859.999999999828,811.111111111111,0.00507362014159803
-859.999999999828,888.888888888889,0.00671311246523139
-859.999999999828,966.666666666667,0.00835260478886475
-784.94611368986,842.119002244002,0.0043048651927845
-784.94611368986,919.89678002178,0.00594435751641786
-709.892227379892,873.126893376894,0.00353611024397096
-706.305274343034,961.131430847093,0.00309762912503191
-781.359160653002,1007.90131749198,0.00550587639747881
-702.718321306175,1049.13596831729,0.00265914800609286
-859.999999999828,1200,0.00128140257065612
-781.359160653002,1163.45687304754,0.000791741585339718
-702.718321306176,1126.91374609507,0.000302080600023318
-859.999999999828,1122.22222222222,0.00363846997672566
-781.359160653002,1085.67909526976,0.00314880899140926
-859.999999999828,1044.44444444444,0.00599553738279521
-702.766868400007,1270.41184149407,0.000882849715526017
-702.742594853091,1198.66279379457,0.000592465157774667
-781.383434199918,1235.20592074703,0.00108212614309107
-859.999999999828,1277.77777777778,-0.00154749556826123
-859.999999999828,1355.55555555556,-0.00437639370717859
-859.999999999828,1433.33333333333,-0.00720529184609594
-781.383434199918,1312.98369852481,-0.00174677199582628
-781.383434199918,1390.76147630259,-0.00457567013474364
-702.766868400007,1348.18961927185,-0.00194604842339134
-712.951041832911,1493.87892183744,0.00764433692043435
-707.858955116459,1421.03427055464,0.00284914424852151
-786.47552091637,1463.60612758538,0.000219522537169204
-859.999999999829,2366.66666666667,-0.822352786493902
-784.025446136354,2408.1069260028,0.335796127176381
-708.050892272878,2449.54718533894,1.49394504084666
-786.739946104827,2320.82295316614,-0.493116733835302
-710.765392241352,2362.26321250228,0.665032179834981
-713.479892209825,2274.97923966561,-0.163880681176702
-859.999999999828,1511.11111111111,-0.0142773814549238
-859.999999999828,1588.88888888889,-0.0213494710637517
-859.999999999828,1666.66666666667,-0.0284215606725796
-786.47552091637,1541.38390536316,-0.00685256707165868
-786.47552091637,1619.16168314094,-0.0139246566804866
-712.951041832911,1571.65669961521,0.000572247311606462
-784.540953754648,1707.32300600028,-0.00349964383109113
-709.081907509468,1747.9793453339,0.0214222730103973
-711.01647467119,1659.81802247456,0.0109972601610019
-859.999999999828,1900,-0.170363854686555
-784.540953754648,1862.87856155584,-0.0981278398404077
-709.081907509468,1825.75712311168,-0.025891824994261
-859.999999999828,1822.22222222222,-0.123049756681896
-784.540953754648,1785.10078377806,-0.0508137418357494
-859.999999999828,1744.44444444444,-0.0757356586772379
-707.05116709427,1898.8372477172,-0.0228446551533557
-782.51021333945,1935.95868616136,-0.0950806699995025
-705.020426679072,1971.91737232272,-0.0197974853124505
-859.999999999829,3300,-0.347828310447255
-859.999999999829,3377.77777777778,-0.059032960233189
-859.999999999828,3455.55555555556,0.229762389980877
-781.394971042478,3330.12280407869,0.0561527257076441
-781.394971042478,3407.90058185647,0.34494807592171
-702.789942085127,3360.24560815738,0.460133761862543
-713.131278337747,3222.22262119337,-1.37095519062482
-786.565639168788,3261.11131059669,-0.859391750536038
-707.960610211437,3291.23411467538,-0.45541071438114
-859.999999999828,2911.11111111111,4.01523058270453
-859.999999999828,2988.88888888889,3.10277792301708
-859.999999999828,3066.66666666667,2.19032526332962
-788.8436842829,2945.19343583748,0.236715912892793
-788.8436842829,3022.97121361526,-0.675736746794664
-717.687368565972,2979.27576056386,-3.54179875691895
-859.999999999829,3222.22222222222,0.498222880811704
-786.565639168788,3183.33353281891,-0.0133405592770798
-713.131278337746,3144.4448434156,-0.524903999365864
-859.999999999828,3144.44444444444,1.34427407207066
-786.565639168787,3105.55575504113,0.832710631981879
-715.409323451859,3061.86030198973,-2.03335137814241
-859.999999999828,2600,-0.0881481131168582
-784.025446136353,2563.66248155836,0.825265909427744
-708.050892272878,2527.32496311672,1.73867993197235
-859.999999999829,2522.22222222222,-0.33288300424254
-784.025446136354,2485.88470378058,0.580531018302062
-859.999999999829,2444.44444444445,-0.577617895368221
-859.999999999828,2677.77777777778,1.58379567205276
-859.999999999828,2755.55555555556,3.25573945722237
-782.246126294126,2635.20235873234,0.169862853902665
-782.246126294125,2712.98013651011,1.84180663907228
-704.492252588422,2670.40471746467,0.427873820922189
-706.27157243065,2598.86484029069,1.08327687644727
-859.999999999828,1977.77777777778,-0.168036299921178
-859.999999999828,2055.55555555555,-0.165708745155801
-859.999999999828,2133.33333333333,-0.163381190390424
-782.51021333945,2013.73646393914,-0.0927531152341258
-782.51021333945,2091.51424171691,-0.090425560468749
-705.020426679072,2049.69515010049,-0.0174699305470738
-859.999999999829,2211.11111111111,-0.383038389091584
-859.999999999829,2288.88888888889,-0.602695587792743
-786.739946104827,2165.26739761059,-0.0538023364329834
-786.739946104827,2243.04517538836,-0.273459535134143
-713.479892209824,2197.20146188784,0.0557765175244575
-709.250159444448,2123.44830599417,0.0191532934886919
